arm,engine_id,sensor,cued,claimed,canonical,cue_says,actual_shown,pred_rul,true_rul
repl,1,s4,False,absent,increase,,increase,42,112.0
repl,1,s7,False,absent,decrease,,decrease,42,112.0
repl,1,s9,True,decrease,decrease,decrease,stable,42,112.0
repl,1,s11,True,increase,increase,increase,decrease,42,112.0
repl,1,s12,True,increase,increase,increase,decrease,42,112.0
repl,1,s14,True,decrease,decrease,decrease,decrease,42,112.0
repl,1,s15,True,increase,increase,increase,increase,42,112.0
repl,2,s4,False,absent,increase,,increase,23,98.0
repl,2,s7,False,absent,decrease,,stable,23,98.0
repl,2,s9,True,decrease,decrease,decrease,decrease,23,98.0
repl,2,s11,True,increase,increase,increase,increase,23,98.0
repl,2,s12,True,unspecified,increase,increase,increase,23,98.0
repl,2,s14,True,decrease,decrease,decrease,decrease,23,98.0
repl,2,s15,True,absent,increase,increase,decrease,23,98.0
repl,3,s4,False,absent,increase,,increase,23,69.0
repl,3,s7,False,absent,decrease,,decrease,23,69.0
repl,3,s9,True,decrease,decrease,decrease,stable,23,69.0
repl,3,s11,True,increase,increase,increase,increase,23,69.0
repl,3,s12,True,unspecified,increase,increase,decrease,23,69.0
repl,3,s14,True,decrease,decrease,decrease,increase,23,69.0
repl,3,s15,True,absent,increase,increase,decrease,23,69.0
repl,4,s4,False,absent,increase,,decrease,23,82.0
repl,4,s7,False,absent,decrease,,decrease,23,82.0
repl,4,s9,True,decrease,decrease,decrease,stable,23,82.0
repl,4,s11,True,increase,increase,increase,increase,23,82.0
repl,4,s12,True,decrease,increase,increase,increase,23,82.0
repl,4,s14,True,decrease,decrease,decrease,decrease,23,82.0
repl,4,s15,True,absent,increase,increase,increase,23,82.0
repl,5,s4,False,absent,increase,,increase,23,91.0
repl,5,s7,False,absent,decrease,,increase,23,91.0
repl,5,s9,True,decrease,decrease,decrease,increase,23,91.0
repl,5,s11,True,increase,increase,increase,decrease,23,91.0
repl,5,s12,True,unspecified,increase,increase,decrease,23,91.0
repl,5,s14,True,decrease,decrease,decrease,stable,23,91.0
repl,5,s15,True,unspecified,increase,increase,decrease,23,91.0
repl,6,s4,False,absent,increase,,decrease,42,93.0
repl,6,s7,False,absent,decrease,,increase,42,93.0
repl,6,s9,True,decrease,decrease,decrease,increase,42,93.0
repl,6,s11,True,increase,increase,increase,increase,42,93.0
repl,6,s12,True,increase,increase,increase,increase,42,93.0
repl,6,s14,True,decrease,decrease,decrease,increase,42,93.0
repl,6,s15,True,increase,increase,increase,decrease,42,93.0
repl,7,s4,False,absent,increase,,increase,23,91.0
repl,7,s7,False,absent,decrease,,decrease,23,91.0
repl,7,s9,True,decrease,decrease,decrease,increase,23,91.0
repl,7,s11,True,increase,increase,increase,increase,23,91.0
repl,7,s12,True,unspecified,increase,increase,increase,23,91.0
repl,7,s14,True,decrease,decrease,decrease,increase,23,91.0
repl,7,s15,True,absent,increase,increase,decrease,23,91.0
repl,8,s4,False,absent,increase,,increase,23,95.0
repl,8,s7,False,absent,decrease,,increase,23,95.0
repl,8,s9,True,decrease,decrease,decrease,stable,23,95.0
repl,8,s11,True,increase,increase,increase,decrease,23,95.0
repl,8,s12,True,decrease,increase,increase,decrease,23,95.0
repl,8,s14,True,decrease,decrease,decrease,stable,23,95.0
repl,8,s15,True,absent,increase,increase,increase,23,95.0
repl,9,s4,False,absent,increase,,decrease,23,111.0
repl,9,s7,False,absent,decrease,,decrease,23,111.0
repl,9,s9,True,decrease,decrease,decrease,stable,23,111.0
repl,9,s11,True,increase,increase,increase,decrease,23,111.0
repl,9,s12,True,unspecified,increase,increase,increase,23,111.0
repl,9,s14,True,decrease,decrease,decrease,increase,23,111.0
repl,9,s15,True,absent,increase,increase,increase,23,111.0
repl,10,s4,False,absent,increase,,increase,23,96.0
repl,10,s7,False,absent,decrease,,decrease,23,96.0
repl,10,s9,True,decrease,decrease,decrease,stable,23,96.0
repl,10,s11,True,increase,increase,increase,increase,23,96.0
repl,10,s12,True,unspecified,increase,increase,increase,23,96.0
repl,10,s14,True,decrease,decrease,decrease,stable,23,96.0
repl,10,s15,True,absent,increase,increase,decrease,23,96.0
repl,11,s4,False,absent,increase,,increase,42,97.0
repl,11,s7,False,absent,decrease,,decrease,42,97.0
repl,11,s9,True,decrease,decrease,decrease,decrease,42,97.0
repl,11,s11,True,increase,increase,increase,decrease,42,97.0
repl,11,s12,True,increase,increase,increase,increase,42,97.0
repl,11,s14,True,decrease,decrease,decrease,decrease,42,97.0
repl,11,s15,True,increase,increase,increase,increase,42,97.0
repl,12,s4,False,absent,increase,,increase,23,124.0
repl,12,s7,False,absent,decrease,,decrease,23,124.0
repl,12,s9,True,decrease,decrease,decrease,increase,23,124.0
repl,12,s11,True,increase,increase,increase,decrease,23,124.0
repl,12,s12,True,decrease,increase,increase,increase,23,124.0
repl,12,s14,True,decrease,decrease,decrease,increase,23,124.0
repl,12,s15,True,absent,increase,increase,increase,23,124.0
repl,13,s4,False,absent,increase,,increase,23,95.0
repl,13,s7,False,absent,decrease,,decrease,23,95.0
repl,13,s9,True,decrease,decrease,decrease,stable,23,95.0
repl,13,s11,True,increase,increase,increase,increase,23,95.0
repl,13,s12,True,unspecified,increase,increase,decrease,23,95.0
repl,13,s14,True,decrease,decrease,decrease,increase,23,95.0
repl,13,s15,True,absent,increase,increase,decrease,23,95.0
repl,14,s4,False,absent,increase,,decrease,23,107.0
repl,14,s7,False,absent,decrease,,increase,23,107.0
repl,14,s9,True,decrease,decrease,decrease,stable,23,107.0
repl,14,s11,True,increase,increase,increase,decrease,23,107.0
repl,14,s12,True,unspecified,increase,increase,decrease,23,107.0
repl,14,s14,True,decrease,decrease,decrease,stable,23,107.0
repl,14,s15,True,absent,increase,increase,decrease,23,107.0
repl,15,s4,False,absent,increase,,increase,23,83.0
repl,15,s7,False,absent,decrease,,decrease,23,83.0
repl,15,s9,True,decrease,decrease,decrease,increase,23,83.0
repl,15,s11,True,increase,increase,increase,increase,23,83.0
repl,15,s12,True,unspecified,increase,increase,decrease,23,83.0
repl,15,s14,True,decrease,decrease,decrease,stable,23,83.0
repl,15,s15,True,absent,increase,increase,decrease,23,83.0
repl,16,s4,False,absent,increase,,stable,23,84.0
repl,16,s7,False,absent,decrease,,increase,23,84.0
repl,16,s9,True,decrease,decrease,decrease,increase,23,84.0
repl,16,s11,True,increase,increase,increase,increase,23,84.0
repl,16,s12,True,unspecified,increase,increase,decrease,23,84.0
repl,16,s14,True,decrease,decrease,decrease,increase,23,84.0
repl,16,s15,True,absent,increase,increase,increase,23,84.0
repl,17,s4,False,absent,increase,,increase,23,50.0
repl,17,s7,False,absent,decrease,,decrease,23,50.0
repl,17,s9,True,decrease,decrease,decrease,increase,23,50.0
repl,17,s11,True,increase,increase,increase,increase,23,50.0
repl,17,s12,True,unspecified,increase,increase,increase,23,50.0
repl,17,s14,True,decrease,decrease,decrease,increase,23,50.0
repl,17,s15,True,absent,increase,increase,increase,23,50.0
repl,18,s4,False,absent,increase,,increase,23,28.0
repl,18,s7,False,absent,decrease,,decrease,23,28.0
repl,18,s9,True,decrease,decrease,decrease,decrease,23,28.0
repl,18,s11,True,increase,increase,increase,increase,23,28.0
repl,18,s12,True,decrease,increase,increase,decrease,23,28.0
repl,18,s14,True,decrease,decrease,decrease,decrease,23,28.0
repl,18,s15,True,absent,increase,increase,increase,23,28.0
repl,19,s4,False,absent,increase,,increase,42,87.0
repl,19,s7,False,absent,decrease,,increase,42,87.0
repl,19,s9,True,decrease,decrease,decrease,decrease,42,87.0
repl,19,s11,True,increase,increase,increase,stable,42,87.0
repl,19,s12,True,unspecified,increase,increase,decrease,42,87.0
repl,19,s14,True,decrease,decrease,decrease,decrease,42,87.0
repl,19,s15,True,absent,increase,increase,increase,42,87.0
repl,20,s4,False,absent,increase,,decrease,23,16.0
repl,20,s7,False,absent,decrease,,decrease,23,16.0
repl,20,s9,True,decrease,decrease,decrease,increase,23,16.0
repl,20,s11,True,increase,increase,increase,increase,23,16.0
repl,20,s12,True,unspecified,increase,increase,decrease,23,16.0
repl,20,s14,True,decrease,decrease,decrease,decrease,23,16.0
repl,20,s15,True,absent,increase,increase,increase,23,16.0
repl,21,s4,False,absent,increase,,stable,42,57.0
repl,21,s7,False,absent,decrease,,decrease,42,57.0
repl,21,s9,True,absent,decrease,decrease,increase,42,57.0
repl,21,s11,True,increase,increase,increase,increase,42,57.0
repl,21,s12,True,increase,increase,increase,increase,42,57.0
repl,21,s14,True,absent,decrease,decrease,increase,42,57.0
repl,21,s15,True,increase,increase,increase,increase,42,57.0
repl,22,s4,False,absent,increase,,increase,23,111.0
repl,22,s7,False,absent,decrease,,increase,23,111.0
repl,22,s9,True,decrease,decrease,decrease,increase,23,111.0
repl,22,s11,True,increase,increase,increase,increase,23,111.0
repl,22,s12,True,unspecified,increase,increase,stable,23,111.0
repl,22,s14,True,decrease,decrease,decrease,stable,23,111.0
repl,22,s15,True,absent,increase,increase,decrease,23,111.0
repl,23,s4,False,absent,increase,,increase,23,113.0
repl,23,s7,False,absent,decrease,,decrease,23,113.0
repl,23,s9,True,decrease,decrease,decrease,increase,23,113.0
repl,23,s11,True,increase,increase,increase,stable,23,113.0
repl,23,s12,True,unspecified,increase,increase,decrease,23,113.0
repl,23,s14,True,decrease,decrease,decrease,increase,23,113.0
repl,23,s15,True,absent,increase,increase,increase,23,113.0
repl,24,s4,False,absent,increase,,increase,23,20.0
repl,24,s7,False,absent,decrease,,decrease,23,20.0
repl,24,s9,True,decrease,decrease,decrease,increase,23,20.0
repl,24,s11,True,increase,increase,increase,increase,23,20.0
repl,24,s12,True,unspecified,increase,increase,decrease,23,20.0
repl,24,s14,True,absent,decrease,decrease,increase,23,20.0
repl,24,s15,True,absent,increase,increase,increase,23,20.0
repl,25,s4,False,absent,increase,,decrease,23,125.0
repl,25,s7,False,absent,decrease,,stable,23,125.0
repl,25,s9,True,decrease,decrease,decrease,increase,23,125.0
repl,25,s11,True,increase,increase,increase,decrease,23,125.0
repl,25,s12,True,increase,increase,increase,decrease,23,125.0
repl,25,s14,True,decrease,decrease,decrease,increase,23,125.0
repl,25,s15,True,increase,increase,increase,decrease,23,125.0
repl,26,s4,False,absent,increase,,increase,42,119.0
repl,26,s7,False,absent,decrease,,increase,42,119.0
repl,26,s9,True,decrease,decrease,decrease,increase,42,119.0
repl,26,s11,True,increase,increase,increase,increase,42,119.0
repl,26,s12,True,unspecified,increase,increase,decrease,42,119.0
repl,26,s14,True,decrease,decrease,decrease,stable,42,119.0
repl,26,s15,True,unspecified,increase,increase,increase,42,119.0
repl,27,s4,False,absent,increase,,increase,23,66.0
repl,27,s7,False,absent,decrease,,decrease,23,66.0
repl,27,s9,True,decrease,decrease,decrease,increase,23,66.0
repl,27,s11,True,increase,increase,increase,decrease,23,66.0
repl,27,s12,True,increase,increase,increase,decrease,23,66.0
repl,27,s14,True,decrease,decrease,decrease,decrease,23,66.0
repl,27,s15,True,increase,increase,increase,increase,23,66.0
repl,28,s4,False,absent,increase,,increase,23,97.0
repl,28,s7,False,absent,decrease,,increase,23,97.0
repl,28,s9,True,decrease,decrease,decrease,increase,23,97.0
repl,28,s11,True,increase,increase,increase,decrease,23,97.0
repl,28,s12,True,unspecified,increase,increase,decrease,23,97.0
repl,28,s14,True,decrease,decrease,decrease,decrease,23,97.0
repl,28,s15,True,absent,increase,increase,decrease,23,97.0
repl,29,s4,False,absent,increase,,stable,23,90.0
repl,29,s7,False,absent,decrease,,decrease,23,90.0
repl,29,s9,True,decrease,decrease,decrease,increase,23,90.0
repl,29,s11,True,increase,increase,increase,stable,23,90.0
repl,29,s12,True,increase,increase,increase,decrease,23,90.0
repl,29,s14,True,decrease,decrease,decrease,stable,23,90.0
repl,29,s15,True,unspecified,increase,increase,decrease,23,90.0
repl,30,s4,False,absent,increase,,decrease,23,115.0
repl,30,s7,False,absent,decrease,,decrease,23,115.0
repl,30,s9,True,decrease,decrease,decrease,increase,23,115.0
repl,30,s11,True,increase,increase,increase,decrease,23,115.0
repl,30,s12,True,unspecified,increase,increase,increase,23,115.0
repl,30,s14,True,decrease,decrease,decrease,increase,23,115.0
repl,30,s15,True,absent,increase,increase,increase,23,115.0
repl,31,s4,False,absent,increase,,increase,23,8.0
repl,31,s7,False,absent,decrease,,decrease,23,8.0
repl,31,s9,True,decrease,decrease,decrease,increase,23,8.0
repl,31,s11,True,increase,increase,increase,decrease,23,8.0
repl,31,s12,True,unspecified,increase,increase,decrease,23,8.0
repl,31,s14,True,decrease,decrease,decrease,stable,23,8.0
repl,31,s15,True,absent,increase,increase,increase,23,8.0
repl,32,s4,False,absent,increase,,increase,23,48.0
repl,32,s7,False,absent,decrease,,decrease,23,48.0
repl,32,s9,True,decrease,decrease,decrease,increase,23,48.0
repl,32,s11,True,increase,increase,increase,increase,23,48.0
repl,32,s12,True,decrease,increase,increase,increase,23,48.0
repl,32,s14,True,decrease,decrease,decrease,increase,23,48.0
repl,32,s15,True,absent,increase,increase,increase,23,48.0
repl,33,s4,False,absent,increase,,increase,42,106.0
repl,33,s7,False,absent,decrease,,decrease,42,106.0
repl,33,s9,True,decrease,decrease,decrease,stable,42,106.0
repl,33,s11,True,increase,increase,increase,increase,42,106.0
repl,33,s12,True,unspecified,increase,increase,decrease,42,106.0
repl,33,s14,True,decrease,decrease,decrease,decrease,42,106.0
repl,33,s15,True,absent,increase,increase,stable,42,106.0
repl,34,s4,False,absent,increase,,increase,23,7.0
repl,34,s7,False,absent,decrease,,decrease,23,7.0
repl,34,s9,True,decrease,decrease,decrease,decrease,23,7.0
repl,34,s11,True,increase,increase,increase,increase,23,7.0
repl,34,s12,True,unspecified,increase,increase,decrease,23,7.0
repl,34,s14,True,decrease,decrease,decrease,decrease,23,7.0
repl,34,s15,True,absent,increase,increase,increase,23,7.0
repl,35,s4,False,absent,increase,,increase,23,11.0
repl,35,s7,False,absent,decrease,,decrease,23,11.0
repl,35,s9,True,decrease,decrease,decrease,increase,23,11.0
repl,35,s11,True,increase,increase,increase,increase,23,11.0
repl,35,s12,True,unspecified,increase,increase,decrease,23,11.0
repl,35,s14,True,decrease,decrease,decrease,increase,23,11.0
repl,35,s15,True,absent,increase,increase,increase,23,11.0
repl,36,s4,False,absent,increase,,increase,23,19.0
repl,36,s7,False,absent,decrease,,decrease,23,19.0
repl,36,s9,True,decrease,decrease,decrease,decrease,23,19.0
repl,36,s11,True,increase,increase,increase,increase,23,19.0
repl,36,s12,True,unspecified,increase,increase,decrease,23,19.0
repl,36,s14,True,decrease,decrease,decrease,decrease,23,19.0
repl,36,s15,True,unspecified,increase,increase,increase,23,19.0
repl,37,s4,False,absent,increase,,increase,23,21.0
repl,37,s7,False,absent,decrease,,decrease,23,21.0
repl,37,s9,True,decrease,decrease,decrease,decrease,23,21.0
repl,37,s11,True,increase,increase,increase,increase,23,21.0
repl,37,s12,True,increase,increase,increase,decrease,23,21.0
repl,37,s14,True,decrease,decrease,decrease,decrease,23,21.0
repl,37,s15,True,increase,increase,increase,increase,23,21.0
repl,38,s4,False,absent,increase,,decrease,23,50.0
repl,38,s7,False,absent,decrease,,increase,23,50.0
repl,38,s9,True,decrease,decrease,decrease,increase,23,50.0
repl,38,s11,True,increase,increase,increase,increase,23,50.0
repl,38,s12,True,unspecified,increase,increase,decrease,23,50.0
repl,38,s14,True,decrease,decrease,decrease,increase,23,50.0
repl,38,s15,True,absent,increase,increase,increase,23,50.0
repl,39,s4,False,absent,increase,,increase,23,125.0
repl,39,s7,False,absent,decrease,,increase,23,125.0
repl,39,s9,True,decrease,decrease,decrease,increase,23,125.0
repl,39,s11,True,increase,increase,increase,decrease,23,125.0
repl,39,s12,True,increase,increase,increase,increase,23,125.0
repl,39,s14,True,decrease,decrease,decrease,increase,23,125.0
repl,39,s15,True,increase,increase,increase,decrease,23,125.0
repl,40,s4,False,absent,increase,,increase,23,28.0
repl,40,s7,False,absent,decrease,,decrease,23,28.0
repl,40,s9,True,decrease,decrease,decrease,increase,23,28.0
repl,40,s11,True,increase,increase,increase,increase,23,28.0
repl,40,s12,True,unspecified,increase,increase,decrease,23,28.0
repl,40,s14,True,decrease,decrease,decrease,increase,23,28.0
repl,40,s15,True,absent,increase,increase,decrease,23,28.0
repl,41,s4,False,absent,increase,,increase,23,18.0
repl,41,s7,False,absent,decrease,,decrease,23,18.0
repl,41,s9,True,decrease,decrease,decrease,decrease,23,18.0
repl,41,s11,True,increase,increase,increase,increase,23,18.0
repl,41,s12,True,increase,increase,increase,decrease,23,18.0
repl,41,s14,True,decrease,decrease,decrease,decrease,23,18.0
repl,41,s15,True,increase,increase,increase,increase,23,18.0
repl,42,s4,False,absent,increase,,increase,23,10.0
repl,42,s7,False,absent,decrease,,decrease,23,10.0
repl,42,s9,True,decrease,decrease,decrease,decrease,23,10.0
repl,42,s11,True,increase,increase,increase,increase,23,10.0
repl,42,s12,True,decrease,increase,increase,decrease,23,10.0
repl,42,s14,True,decrease,decrease,decrease,decrease,23,10.0
repl,42,s15,True,absent,increase,increase,increase,23,10.0
repl,43,s4,False,absent,increase,,increase,23,59.0
repl,43,s7,False,absent,decrease,,decrease,23,59.0
repl,43,s9,True,decrease,decrease,decrease,decrease,23,59.0
repl,43,s11,True,increase,increase,increase,increase,23,59.0
repl,43,s12,True,unspecified,increase,increase,decrease,23,59.0
repl,43,s14,True,decrease,decrease,decrease,stable,23,59.0
repl,43,s15,True,absent,increase,increase,increase,23,59.0
repl,44,s4,False,absent,increase,,increase,23,109.0
repl,44,s7,False,absent,decrease,,decrease,23,109.0
repl,44,s9,True,decrease,decrease,decrease,increase,23,109.0
repl,44,s11,True,increase,increase,increase,increase,23,109.0
repl,44,s12,True,unspecified,increase,increase,increase,23,109.0
repl,44,s14,True,decrease,decrease,decrease,decrease,23,109.0
repl,44,s15,True,absent,increase,increase,increase,23,109.0
repl,45,s4,False,absent,increase,,increase,23,114.0
repl,45,s7,False,absent,decrease,,increase,23,114.0
repl,45,s9,True,decrease,decrease,decrease,increase,23,114.0
repl,45,s11,True,increase,increase,increase,increase,23,114.0
repl,45,s12,True,unspecified,increase,increase,decrease,23,114.0
repl,45,s14,True,decrease,decrease,decrease,stable,23,114.0
repl,45,s15,True,absent,increase,increase,increase,23,114.0
repl,46,s4,False,absent,increase,,increase,23,47.0
repl,46,s7,False,absent,decrease,,increase,23,47.0
repl,46,s9,True,decrease,decrease,decrease,increase,23,47.0
repl,46,s11,True,increase,increase,increase,increase,23,47.0
repl,46,s12,True,decrease,increase,increase,decrease,23,47.0
repl,46,s14,True,decrease,decrease,decrease,stable,23,47.0
repl,46,s15,True,absent,increase,increase,increase,23,47.0
repl,47,s4,False,absent,increase,,decrease,23,125.0
repl,47,s7,False,absent,decrease,,increase,23,125.0
repl,47,s9,True,decrease,decrease,decrease,increase,23,125.0
repl,47,s11,True,increase,increase,increase,decrease,23,125.0
repl,47,s12,True,unspecified,increase,increase,increase,23,125.0
repl,47,s14,True,decrease,decrease,decrease,increase,23,125.0
repl,47,s15,True,absent,increase,increase,increase,23,125.0
repl,48,s4,False,absent,increase,,decrease,23,92.0
repl,48,s7,False,absent,decrease,,increase,23,92.0
repl,48,s9,True,decrease,decrease,decrease,stable,23,92.0
repl,48,s11,True,increase,increase,increase,increase,23,92.0
repl,48,s12,True,decrease,increase,increase,increase,23,92.0
repl,48,s14,True,decrease,decrease,decrease,stable,23,92.0
repl,48,s15,True,absent,increase,increase,increase,23,92.0
repl,49,s4,False,absent,increase,,increase,23,21.0
repl,49,s7,False,absent,decrease,,decrease,23,21.0
repl,49,s9,True,decrease,decrease,decrease,decrease,23,21.0
repl,49,s11,True,increase,increase,increase,increase,23,21.0
repl,49,s12,True,unspecified,increase,increase,decrease,23,21.0
repl,49,s14,True,decrease,decrease,decrease,stable,23,21.0
repl,49,s15,True,absent,increase,increase,increase,23,21.0
repl,50,s4,False,absent,increase,,decrease,23,79.0
repl,50,s7,False,absent,decrease,,decrease,23,79.0
repl,50,s9,True,decrease,decrease,decrease,increase,23,79.0
repl,50,s11,True,increase,increase,increase,increase,23,79.0
repl,50,s12,True,decrease,increase,increase,increase,23,79.0
repl,50,s14,True,decrease,decrease,decrease,stable,23,79.0
repl,50,s15,True,absent,increase,increase,increase,23,79.0
repl,51,s4,False,absent,increase,,increase,23,114.0
repl,51,s7,False,absent,decrease,,decrease,23,114.0
repl,51,s9,True,decrease,decrease,decrease,increase,23,114.0
repl,51,s11,True,increase,increase,increase,decrease,23,114.0
repl,51,s12,True,unspecified,increase,increase,increase,23,114.0
repl,51,s14,True,decrease,decrease,decrease,stable,23,114.0
repl,51,s15,True,absent,increase,increase,increase,23,114.0
repl,52,s4,False,absent,increase,,increase,23,29.0
repl,52,s7,False,absent,decrease,,decrease,23,29.0
repl,52,s9,True,decrease,decrease,decrease,increase,23,29.0
repl,52,s11,True,increase,increase,increase,increase,23,29.0
repl,52,s12,True,unspecified,increase,increase,decrease,23,29.0
repl,52,s14,True,decrease,decrease,decrease,increase,23,29.0
repl,52,s15,True,absent,increase,increase,increase,23,29.0
repl,53,s4,False,absent,increase,,increase,23,26.0
repl,53,s7,False,absent,decrease,,decrease,23,26.0
repl,53,s9,True,decrease,decrease,decrease,increase,23,26.0
repl,53,s11,True,increase,increase,increase,increase,23,26.0
repl,53,s12,True,decrease,increase,increase,decrease,23,26.0
repl,53,s14,True,decrease,decrease,decrease,increase,23,26.0
repl,53,s15,True,absent,increase,increase,increase,23,26.0
repl,54,s4,False,absent,increase,,decrease,42,97.0
repl,54,s7,False,absent,decrease,,decrease,42,97.0
repl,54,s9,True,decrease,decrease,decrease,increase,42,97.0
repl,54,s11,True,increase,increase,increase,increase,42,97.0
repl,54,s12,True,unspecified,increase,increase,increase,42,97.0
repl,54,s14,True,decrease,decrease,decrease,increase,42,97.0
repl,54,s15,True,absent,increase,increase,increase,42,97.0
repl,55,s4,False,absent,increase,,decrease,42,125.0
repl,55,s7,False,absent,decrease,,decrease,42,125.0
repl,55,s9,True,decrease,decrease,decrease,stable,42,125.0
repl,55,s11,True,increase,increase,increase,increase,42,125.0
repl,55,s12,True,increase,increase,increase,increase,42,125.0
repl,55,s14,True,decrease,decrease,decrease,decrease,42,125.0
repl,55,s15,True,unspecified,increase,increase,increase,42,125.0
repl,56,s4,False,absent,increase,,stable,23,15.0
repl,56,s7,False,absent,decrease,,stable,23,15.0
repl,56,s9,True,decrease,decrease,decrease,decrease,23,15.0
repl,56,s11,True,increase,increase,increase,increase,23,15.0
repl,56,s12,True,absent,increase,increase,decrease,23,15.0
repl,56,s14,True,decrease,decrease,decrease,decrease,23,15.0
repl,56,s15,True,unspecified,increase,increase,increase,23,15.0
repl,57,s4,False,absent,increase,,increase,23,103.0
repl,57,s7,False,absent,decrease,,decrease,23,103.0
repl,57,s9,True,decrease,decrease,decrease,decrease,23,103.0
repl,57,s11,True,increase,increase,increase,decrease,23,103.0
repl,57,s12,True,unspecified,increase,increase,increase,23,103.0
repl,57,s14,True,decrease,decrease,decrease,decrease,23,103.0
repl,57,s15,True,absent,increase,increase,increase,23,103.0
repl,58,s4,False,absent,increase,,increase,23,37.0
repl,58,s7,False,absent,decrease,,decrease,23,37.0
repl,58,s9,True,decrease,decrease,decrease,stable,23,37.0
repl,58,s11,True,increase,increase,increase,increase,23,37.0
repl,58,s12,True,decrease,increase,increase,decrease,23,37.0
repl,58,s14,True,decrease,decrease,decrease,decrease,23,37.0
repl,58,s15,True,absent,increase,increase,increase,23,37.0
repl,59,s4,False,absent,increase,,increase,42,114.0
repl,59,s7,False,absent,decrease,,decrease,42,114.0
repl,59,s9,True,decrease,decrease,decrease,increase,42,114.0
repl,59,s11,True,increase,increase,increase,decrease,42,114.0
repl,59,s12,True,increase,increase,increase,decrease,42,114.0
repl,59,s14,True,decrease,decrease,decrease,stable,42,114.0
repl,59,s15,True,unspecified,increase,increase,decrease,42,114.0
repl,60,s4,False,absent,increase,,decrease,23,100.0
repl,60,s7,False,absent,decrease,,decrease,23,100.0
repl,60,s9,True,decrease,decrease,decrease,decrease,23,100.0
repl,60,s11,True,increase,increase,increase,increase,23,100.0
repl,60,s12,True,increase,increase,increase,decrease,23,100.0
repl,60,s14,True,decrease,decrease,decrease,stable,23,100.0
repl,60,s15,True,increase,increase,increase,increase,23,100.0
repl,61,s4,False,absent,increase,,increase,23,21.0
repl,61,s7,False,absent,decrease,,decrease,23,21.0
repl,61,s9,True,decrease,decrease,decrease,decrease,23,21.0
repl,61,s11,True,increase,increase,increase,increase,23,21.0
repl,61,s12,True,unspecified,increase,increase,decrease,23,21.0
repl,61,s14,True,decrease,decrease,decrease,increase,23,21.0
repl,61,s15,True,absent,increase,increase,increase,23,21.0
repl,62,s4,False,absent,increase,,increase,42,54.0
repl,62,s7,False,absent,decrease,,stable,42,54.0
repl,62,s9,True,decrease,decrease,decrease,increase,42,54.0
repl,62,s11,True,increase,increase,increase,increase,42,54.0
repl,62,s12,True,unspecified,increase,increase,decrease,42,54.0
repl,62,s14,True,decrease,decrease,decrease,increase,42,54.0
repl,62,s15,True,absent,increase,increase,increase,42,54.0
repl,63,s4,False,absent,increase,,increase,23,72.0
repl,63,s7,False,absent,decrease,,decrease,23,72.0
repl,63,s9,True,decrease,decrease,decrease,increase,23,72.0
repl,63,s11,True,increase,increase,increase,increase,23,72.0
repl,63,s12,True,unspecified,increase,increase,increase,23,72.0
repl,63,s14,True,decrease,decrease,decrease,increase,23,72.0
repl,63,s15,True,absent,increase,increase,increase,23,72.0
repl,64,s4,False,absent,increase,,increase,23,28.0
repl,64,s7,False,absent,decrease,,decrease,23,28.0
repl,64,s9,True,decrease,decrease,decrease,decrease,23,28.0
repl,64,s11,True,increase,increase,increase,increase,23,28.0
repl,64,s12,True,unspecified,increase,increase,decrease,23,28.0
repl,64,s14,True,decrease,decrease,decrease,decrease,23,28.0
repl,64,s15,True,absent,increase,increase,increase,23,28.0
repl,65,s4,False,absent,increase,,increase,42,125.0
repl,65,s7,False,absent,decrease,,decrease,42,125.0
repl,65,s9,True,decrease,decrease,decrease,stable,42,125.0
repl,65,s11,True,increase,increase,increase,decrease,42,125.0
repl,65,s12,True,unspecified,increase,increase,increase,42,125.0
repl,65,s14,True,decrease,decrease,decrease,increase,42,125.0
repl,65,s15,True,absent,increase,increase,increase,42,125.0
repl,66,s4,False,absent,increase,,increase,23,14.0
repl,66,s7,False,absent,decrease,,decrease,23,14.0
repl,66,s9,True,decrease,decrease,decrease,increase,23,14.0
repl,66,s11,True,increase,increase,increase,increase,23,14.0
repl,66,s12,True,decrease,increase,increase,stable,23,14.0
repl,66,s14,True,decrease,decrease,decrease,increase,23,14.0
repl,66,s15,True,absent,increase,increase,increase,23,14.0
repl,67,s4,False,absent,increase,,increase,42,77.0
repl,67,s7,False,increase,decrease,,increase,42,77.0
repl,67,s9,True,decrease,decrease,decrease,decrease,42,77.0
repl,67,s11,True,increase,increase,increase,decrease,42,77.0
repl,67,s12,True,unspecified,increase,increase,decrease,42,77.0
repl,67,s14,True,decrease,decrease,decrease,stable,42,77.0
repl,67,s15,True,unspecified,increase,increase,decrease,42,77.0
repl,68,s4,False,absent,increase,,increase,23,8.0
repl,68,s7,False,absent,decrease,,decrease,23,8.0
repl,68,s9,True,decrease,decrease,decrease,increase,23,8.0
repl,68,s11,True,increase,increase,increase,increase,23,8.0
repl,68,s12,True,unspecified,increase,increase,decrease,23,8.0
repl,68,s14,True,decrease,decrease,decrease,increase,23,8.0
repl,68,s15,True,absent,increase,increase,increase,23,8.0
repl,69,s4,False,absent,increase,,increase,23,121.0
repl,69,s7,False,absent,decrease,,increase,23,121.0
repl,69,s9,True,decrease,decrease,decrease,stable,23,121.0
repl,69,s11,True,increase,increase,increase,decrease,23,121.0
repl,69,s12,True,unspecified,increase,increase,decrease,23,121.0
repl,69,s14,True,decrease,decrease,decrease,increase,23,121.0
repl,69,s15,True,absent,increase,increase,decrease,23,121.0
repl,70,s4,False,absent,increase,,decrease,23,94.0
repl,70,s7,False,absent,decrease,,stable,23,94.0
repl,70,s9,True,decrease,decrease,decrease,stable,23,94.0
repl,70,s11,True,increase,increase,increase,increase,23,94.0
repl,70,s12,True,unspecified,increase,increase,increase,23,94.0
repl,70,s14,True,decrease,decrease,decrease,stable,23,94.0
repl,70,s15,True,absent,increase,increase,decrease,23,94.0
repl,71,s4,False,absent,increase,,increase,23,118.0
repl,71,s7,False,absent,decrease,,decrease,23,118.0
repl,71,s9,True,decrease,decrease,decrease,increase,23,118.0
repl,71,s11,True,increase,increase,increase,increase,23,118.0
repl,71,s12,True,decrease,increase,increase,increase,23,118.0
repl,71,s14,True,decrease,decrease,decrease,decrease,23,118.0
repl,71,s15,True,absent,increase,increase,increase,23,118.0
repl,72,s4,False,absent,increase,,increase,42,50.0
repl,72,s7,False,absent,decrease,,decrease,42,50.0
repl,72,s9,True,decrease,decrease,decrease,stable,42,50.0
repl,72,s11,True,increase,increase,increase,increase,42,50.0
repl,72,s12,True,increase,increase,increase,decrease,42,50.0
repl,72,s14,True,decrease,decrease,decrease,increase,42,50.0
repl,72,s15,True,increase,increase,increase,increase,42,50.0
repl,73,s4,False,absent,increase,,decrease,42,125.0
repl,73,s7,False,absent,decrease,,increase,42,125.0
repl,73,s9,True,decrease,decrease,decrease,decrease,42,125.0
repl,73,s11,True,unspecified,increase,increase,decrease,42,125.0
repl,73,s12,True,unspecified,increase,increase,decrease,42,125.0
repl,73,s14,True,decrease,decrease,decrease,decrease,42,125.0
repl,73,s15,True,unspecified,increase,increase,increase,42,125.0
repl,74,s4,False,absent,increase,,increase,23,125.0
repl,74,s7,False,absent,decrease,,decrease,23,125.0
repl,74,s9,True,decrease,decrease,decrease,increase,23,125.0
repl,74,s11,True,increase,increase,increase,increase,23,125.0
repl,74,s12,True,unspecified,increase,increase,decrease,23,125.0
repl,74,s14,True,decrease,decrease,decrease,decrease,23,125.0
repl,74,s15,True,absent,increase,increase,decrease,23,125.0
repl,75,s4,False,absent,increase,,increase,23,113.0
repl,75,s7,False,absent,decrease,,increase,23,113.0
repl,75,s9,True,decrease,decrease,decrease,decrease,23,113.0
repl,75,s11,True,increase,increase,increase,increase,23,113.0
repl,75,s12,True,unspecified,increase,increase,decrease,23,113.0
repl,75,s14,True,decrease,decrease,decrease,decrease,23,113.0
repl,75,s15,True,absent,increase,increase,increase,23,113.0
repl,76,s4,False,absent,increase,,increase,23,10.0
repl,76,s7,False,absent,decrease,,decrease,23,10.0
repl,76,s9,True,decrease,decrease,decrease,increase,23,10.0
repl,76,s11,True,increase,increase,increase,increase,23,10.0
repl,76,s12,True,unspecified,increase,increase,decrease,23,10.0
repl,76,s14,True,decrease,decrease,decrease,increase,23,10.0
repl,76,s15,True,absent,increase,increase,increase,23,10.0
repl,77,s4,False,absent,increase,,increase,23,34.0
repl,77,s7,False,absent,decrease,,decrease,23,34.0
repl,77,s9,True,decrease,decrease,decrease,increase,23,34.0
repl,77,s11,True,increase,increase,increase,increase,23,34.0
repl,77,s12,True,increase,increase,increase,decrease,23,34.0
repl,77,s14,True,decrease,decrease,decrease,increase,23,34.0
repl,77,s15,True,increase,increase,increase,decrease,23,34.0
repl,78,s4,False,absent,increase,,decrease,23,107.0
repl,78,s7,False,absent,decrease,,increase,23,107.0
repl,78,s9,True,decrease,decrease,decrease,increase,23,107.0
repl,78,s11,True,increase,increase,increase,stable,23,107.0
repl,78,s12,True,increase,increase,increase,increase,23,107.0
repl,78,s14,True,decrease,decrease,decrease,increase,23,107.0
repl,78,s15,True,increase,increase,increase,decrease,23,107.0
repl,79,s4,False,absent,increase,,decrease,23,63.0
repl,79,s7,False,absent,decrease,,decrease,23,63.0
repl,79,s9,True,decrease,decrease,decrease,decrease,23,63.0
repl,79,s11,True,increase,increase,increase,increase,23,63.0
repl,79,s12,True,unspecified,increase,increase,stable,23,63.0
repl,79,s14,True,decrease,decrease,decrease,decrease,23,63.0
repl,79,s15,True,absent,increase,increase,increase,23,63.0
repl,80,s4,False,absent,increase,,increase,23,90.0
repl,80,s7,False,absent,decrease,,decrease,23,90.0
repl,80,s9,True,decrease,decrease,decrease,stable,23,90.0
repl,80,s11,True,increase,increase,increase,increase,23,90.0
repl,80,s12,True,unspecified,increase,increase,decrease,23,90.0
repl,80,s14,True,decrease,decrease,decrease,decrease,23,90.0
repl,80,s15,True,absent,increase,increase,increase,23,90.0
repl,81,s4,False,absent,increase,,increase,23,8.0
repl,81,s7,False,absent,decrease,,decrease,23,8.0
repl,81,s9,True,decrease,decrease,decrease,increase,23,8.0
repl,81,s11,True,increase,increase,increase,increase,23,8.0
repl,81,s12,True,decrease,increase,increase,decrease,23,8.0
repl,81,s14,True,decrease,decrease,decrease,increase,23,8.0
repl,81,s15,True,absent,increase,increase,increase,23,8.0
repl,82,s4,False,absent,increase,,increase,23,9.0
repl,82,s7,False,absent,decrease,,decrease,23,9.0
repl,82,s9,True,decrease,decrease,decrease,increase,23,9.0
repl,82,s11,True,increase,increase,increase,increase,23,9.0
repl,82,s12,True,decrease,increase,increase,decrease,23,9.0
repl,82,s14,True,decrease,decrease,decrease,decrease,23,9.0
repl,82,s15,True,absent,increase,increase,increase,23,9.0
repl,83,s4,False,absent,increase,,stable,23,125.0
repl,83,s7,False,absent,decrease,,decrease,23,125.0
repl,83,s9,True,increase,decrease,decrease,decrease,23,125.0
repl,83,s11,True,increase,increase,increase,decrease,23,125.0
repl,83,s12,True,unspecified,increase,increase,decrease,23,125.0
repl,83,s14,True,increase,decrease,decrease,increase,23,125.0
repl,83,s15,True,unspecified,increase,increase,increase,23,125.0
repl,84,s4,False,absent,increase,,increase,23,58.0
repl,84,s7,False,absent,decrease,,decrease,23,58.0
repl,84,s9,True,decrease,decrease,decrease,stable,23,58.0
repl,84,s11,True,increase,increase,increase,decrease,23,58.0
repl,84,s12,True,unspecified,increase,increase,increase,23,58.0
repl,84,s14,True,decrease,decrease,decrease,decrease,23,58.0
repl,84,s15,True,absent,increase,increase,decrease,23,58.0
repl,85,s4,False,absent,increase,,increase,23,118.0
repl,85,s7,False,absent,decrease,,increase,23,118.0
repl,85,s9,True,decrease,decrease,decrease,decrease,23,118.0
repl,85,s11,True,increase,increase,increase,increase,23,118.0
repl,85,s12,True,decrease,increase,increase,increase,23,118.0
repl,85,s14,True,decrease,decrease,decrease,stable,23,118.0
repl,85,s15,True,absent,increase,increase,decrease,23,118.0
repl,86,s4,False,absent,increase,,decrease,23,89.0
repl,86,s7,False,absent,decrease,,stable,23,89.0
repl,86,s9,True,decrease,decrease,decrease,increase,23,89.0
repl,86,s11,True,increase,increase,increase,increase,23,89.0
repl,86,s12,True,unspecified,increase,increase,decrease,23,89.0
repl,86,s14,True,unspecified,decrease,decrease,increase,23,89.0
repl,86,s15,True,absent,increase,increase,increase,23,89.0
repl,87,s4,False,absent,increase,,decrease,23,116.0
repl,87,s7,False,absent,decrease,,decrease,23,116.0
repl,87,s9,True,decrease,decrease,decrease,decrease,23,116.0
repl,87,s11,True,increase,increase,increase,decrease,23,116.0
repl,87,s12,True,unspecified,increase,increase,increase,23,116.0
repl,87,s14,True,unspecified,decrease,decrease,stable,23,116.0
repl,87,s15,True,absent,increase,increase,increase,23,116.0
repl,88,s4,False,absent,increase,,decrease,23,115.0
repl,88,s7,False,absent,decrease,,increase,23,115.0
repl,88,s9,True,decrease,decrease,decrease,increase,23,115.0
repl,88,s11,True,increase,increase,increase,decrease,23,115.0
repl,88,s12,True,increase,increase,increase,increase,23,115.0
repl,88,s14,True,decrease,decrease,decrease,increase,23,115.0
repl,88,s15,True,unspecified,increase,increase,decrease,23,115.0
repl,89,s4,False,absent,increase,,increase,23,125.0
repl,89,s7,False,absent,decrease,,stable,23,125.0
repl,89,s9,True,decrease,decrease,decrease,increase,23,125.0
repl,89,s11,True,increase,increase,increase,decrease,23,125.0
repl,89,s12,True,unspecified,increase,increase,decrease,23,125.0
repl,89,s14,True,decrease,decrease,decrease,stable,23,125.0
repl,89,s15,True,absent,increase,increase,increase,23,125.0
repl,90,s4,False,absent,increase,,increase,23,28.0
repl,90,s7,False,absent,decrease,,decrease,23,28.0
repl,90,s9,True,decrease,decrease,decrease,increase,23,28.0
repl,90,s11,True,increase,increase,increase,increase,23,28.0
repl,90,s12,True,unspecified,increase,increase,increase,23,28.0
repl,90,s14,True,decrease,decrease,decrease,increase,23,28.0
repl,90,s15,True,absent,increase,increase,increase,23,28.0
repl,91,s4,False,absent,increase,,increase,42,38.0
repl,91,s7,False,absent,decrease,,decrease,42,38.0
repl,91,s9,True,decrease,decrease,decrease,increase,42,38.0
repl,91,s11,True,increase,increase,increase,increase,42,38.0
repl,91,s12,True,unspecified,increase,increase,increase,42,38.0
repl,91,s14,True,decrease,decrease,decrease,stable,42,38.0
repl,91,s15,True,absent,increase,increase,increase,42,38.0
repl,92,s4,False,absent,increase,,decrease,23,20.0
repl,92,s7,False,absent,decrease,,decrease,23,20.0
repl,92,s9,True,decrease,decrease,decrease,increase,23,20.0
repl,92,s11,True,increase,increase,increase,increase,23,20.0
repl,92,s12,True,unspecified,increase,increase,decrease,23,20.0
repl,92,s14,True,decrease,decrease,decrease,increase,23,20.0
repl,92,s15,True,absent,increase,increase,stable,23,20.0
repl,93,s4,False,absent,increase,,stable,23,85.0
repl,93,s7,False,absent,decrease,,increase,23,85.0
repl,93,s9,True,decrease,decrease,decrease,increase,23,85.0
repl,93,s11,True,increase,increase,increase,decrease,23,85.0
repl,93,s12,True,unspecified,increase,increase,increase,23,85.0
repl,93,s14,True,decrease,decrease,decrease,increase,23,85.0
repl,93,s15,True,absent,increase,increase,increase,23,85.0
repl,94,s4,False,absent,increase,,increase,42,55.0
repl,94,s7,False,absent,decrease,,stable,42,55.0
repl,94,s9,True,decrease,decrease,decrease,decrease,42,55.0
repl,94,s11,True,increase,increase,increase,increase,42,55.0
repl,94,s12,True,unspecified,increase,increase,decrease,42,55.0
repl,94,s14,True,decrease,decrease,decrease,stable,42,55.0
repl,94,s15,True,absent,increase,increase,increase,42,55.0
repl,95,s4,False,absent,increase,,decrease,42,125.0
repl,95,s7,False,absent,decrease,,decrease,42,125.0
repl,95,s9,True,decrease,decrease,decrease,stable,42,125.0
repl,95,s11,True,increase,increase,increase,increase,42,125.0
repl,95,s12,True,increase,increase,increase,stable,42,125.0
repl,95,s14,True,decrease,decrease,decrease,increase,42,125.0
repl,95,s15,True,unspecified,increase,increase,increase,42,125.0
repl,96,s4,False,absent,increase,,increase,42,125.0
repl,96,s7,False,absent,decrease,,decrease,42,125.0
repl,96,s9,True,decrease,decrease,decrease,decrease,42,125.0
repl,96,s11,True,increase,increase,increase,increase,42,125.0
repl,96,s12,True,increase,increase,increase,increase,42,125.0
repl,96,s14,True,decrease,decrease,decrease,stable,42,125.0
repl,96,s15,True,absent,increase,increase,increase,42,125.0
repl,97,s4,False,absent,increase,,increase,43,82.0
repl,97,s7,False,absent,decrease,,decrease,43,82.0
repl,97,s9,True,decrease,decrease,decrease,increase,43,82.0
repl,97,s11,True,increase,increase,increase,increase,43,82.0
repl,97,s12,True,decrease,increase,increase,decrease,43,82.0
repl,97,s14,True,decrease,decrease,decrease,increase,43,82.0
repl,97,s15,True,absent,increase,increase,increase,43,82.0
repl,98,s4,False,absent,increase,,increase,23,59.0
repl,98,s7,False,absent,decrease,,increase,23,59.0
repl,98,s9,True,decrease,decrease,decrease,increase,23,59.0
repl,98,s11,True,increase,increase,increase,increase,23,59.0
repl,98,s12,True,unspecified,increase,increase,increase,23,59.0
repl,98,s14,True,decrease,decrease,decrease,increase,23,59.0
repl,98,s15,True,absent,increase,increase,increase,23,59.0
repl,99,s4,False,absent,increase,,increase,23,117.0
repl,99,s7,False,absent,decrease,,increase,23,117.0
repl,99,s9,True,decrease,decrease,decrease,increase,23,117.0
repl,99,s11,True,increase,increase,increase,increase,23,117.0
repl,99,s12,True,decrease,increase,increase,decrease,23,117.0
repl,99,s14,True,decrease,decrease,decrease,increase,23,117.0
repl,99,s15,True,absent,increase,increase,decrease,23,117.0
repl,100,s4,False,absent,increase,,increase,23,20.0
repl,100,s7,False,absent,decrease,,decrease,23,20.0
repl,100,s9,True,decrease,decrease,decrease,increase,23,20.0
repl,100,s11,True,increase,increase,increase,increase,23,20.0
repl,100,s12,True,increase,increase,increase,decrease,23,20.0
repl,100,s14,True,decrease,decrease,decrease,increase,23,20.0
repl,100,s15,True,increase,increase,increase,increase,23,20.0
nocue,1,s4,False,absent,increase,,increase,23,112.0
nocue,1,s7,False,increase,decrease,,decrease,23,112.0
nocue,1,s9,True,absent,decrease,,stable,23,112.0
nocue,1,s11,True,absent,increase,,decrease,23,112.0
nocue,1,s12,True,increase,increase,,decrease,23,112.0
nocue,1,s14,True,absent,decrease,,decrease,23,112.0
nocue,1,s15,True,absent,increase,,increase,23,112.0
nocue,2,s4,False,absent,increase,,increase,23,98.0
nocue,2,s7,False,increase,decrease,,stable,23,98.0
nocue,2,s9,True,stable,decrease,,decrease,23,98.0
nocue,2,s11,True,absent,increase,,increase,23,98.0
nocue,2,s12,True,increase,increase,,increase,23,98.0
nocue,2,s14,True,absent,decrease,,decrease,23,98.0
nocue,2,s15,True,absent,increase,,decrease,23,98.0
nocue,3,s4,False,absent,increase,,increase,42,69.0
nocue,3,s7,False,increase,decrease,,decrease,42,69.0
nocue,3,s9,True,absent,decrease,,stable,42,69.0
nocue,3,s11,True,increase,increase,,increase,42,69.0
nocue,3,s12,True,absent,increase,,decrease,42,69.0
nocue,3,s14,True,absent,decrease,,increase,42,69.0
nocue,3,s15,True,absent,increase,,decrease,42,69.0
nocue,4,s4,False,absent,increase,,decrease,23,82.0
nocue,4,s7,False,increase,decrease,,decrease,23,82.0
nocue,4,s9,True,stable,decrease,,stable,23,82.0
nocue,4,s11,True,absent,increase,,increase,23,82.0
nocue,4,s12,True,increase,increase,,increase,23,82.0
nocue,4,s14,True,absent,decrease,,decrease,23,82.0
nocue,4,s15,True,absent,increase,,increase,23,82.0
nocue,5,s4,False,absent,increase,,increase,23,91.0
nocue,5,s7,False,increase,decrease,,increase,23,91.0
nocue,5,s9,True,absent,decrease,,increase,23,91.0
nocue,5,s11,True,absent,increase,,decrease,23,91.0
nocue,5,s12,True,increase,increase,,decrease,23,91.0
nocue,5,s14,True,absent,decrease,,stable,23,91.0
nocue,5,s15,True,absent,increase,,decrease,23,91.0
nocue,6,s4,False,unspecified,increase,,decrease,42,93.0
nocue,6,s7,False,increase,decrease,,increase,42,93.0
nocue,6,s9,True,absent,decrease,,increase,42,93.0
nocue,6,s11,True,absent,increase,,increase,42,93.0
nocue,6,s12,True,increase,increase,,increase,42,93.0
nocue,6,s14,True,absent,decrease,,increase,42,93.0
nocue,6,s15,True,absent,increase,,decrease,42,93.0
nocue,7,s4,False,absent,increase,,increase,42,91.0
nocue,7,s7,False,increase,decrease,,decrease,42,91.0
nocue,7,s9,True,absent,decrease,,increase,42,91.0
nocue,7,s11,True,absent,increase,,increase,42,91.0
nocue,7,s12,True,increase,increase,,increase,42,91.0
nocue,7,s14,True,absent,decrease,,increase,42,91.0
nocue,7,s15,True,absent,increase,,decrease,42,91.0
nocue,8,s4,False,absent,increase,,increase,23,95.0
nocue,8,s7,False,increase,decrease,,increase,23,95.0
nocue,8,s9,True,absent,decrease,,stable,23,95.0
nocue,8,s11,True,absent,increase,,decrease,23,95.0
nocue,8,s12,True,absent,increase,,decrease,23,95.0
nocue,8,s14,True,absent,decrease,,stable,23,95.0
nocue,8,s15,True,absent,increase,,increase,23,95.0
nocue,9,s4,False,absent,increase,,decrease,23,111.0
nocue,9,s7,False,increase,decrease,,decrease,23,111.0
nocue,9,s9,True,unspecified,decrease,,stable,23,111.0
nocue,9,s11,True,absent,increase,,decrease,23,111.0
nocue,9,s12,True,increase,increase,,increase,23,111.0
nocue,9,s14,True,absent,decrease,,increase,23,111.0
nocue,9,s15,True,absent,increase,,increase,23,111.0
nocue,10,s4,False,unspecified,increase,,increase,42,96.0
nocue,10,s7,False,increase,decrease,,decrease,42,96.0
nocue,10,s9,True,unspecified,decrease,,stable,42,96.0
nocue,10,s11,True,absent,increase,,increase,42,96.0
nocue,10,s12,True,increase,increase,,increase,42,96.0
nocue,10,s14,True,absent,decrease,,stable,42,96.0
nocue,10,s15,True,absent,increase,,decrease,42,96.0
nocue,11,s4,False,absent,increase,,increase,23,97.0
nocue,11,s7,False,increase,decrease,,decrease,23,97.0
nocue,11,s9,True,unspecified,decrease,,decrease,23,97.0
nocue,11,s11,True,absent,increase,,decrease,23,97.0
nocue,11,s12,True,increase,increase,,increase,23,97.0
nocue,11,s14,True,absent,decrease,,decrease,23,97.0
nocue,11,s15,True,absent,increase,,increase,23,97.0
nocue,12,s4,False,absent,increase,,increase,42,124.0
nocue,12,s7,False,increase,decrease,,decrease,42,124.0
nocue,12,s9,True,absent,decrease,,increase,42,124.0
nocue,12,s11,True,absent,increase,,decrease,42,124.0
nocue,12,s12,True,increase,increase,,increase,42,124.0
nocue,12,s14,True,absent,decrease,,increase,42,124.0
nocue,12,s15,True,absent,increase,,increase,42,124.0
nocue,13,s4,False,absent,increase,,increase,23,95.0
nocue,13,s7,False,increase,decrease,,decrease,23,95.0
nocue,13,s9,True,absent,decrease,,stable,23,95.0
nocue,13,s11,True,absent,increase,,increase,23,95.0
nocue,13,s12,True,increase,increase,,decrease,23,95.0
nocue,13,s14,True,absent,decrease,,increase,23,95.0
nocue,13,s15,True,absent,increase,,decrease,23,95.0
nocue,14,s4,False,unspecified,increase,,decrease,23,107.0
nocue,14,s7,False,increase,decrease,,increase,23,107.0
nocue,14,s9,True,absent,decrease,,stable,23,107.0
nocue,14,s11,True,absent,increase,,decrease,23,107.0
nocue,14,s12,True,increase,increase,,decrease,23,107.0
nocue,14,s14,True,absent,decrease,,stable,23,107.0
nocue,14,s15,True,absent,increase,,decrease,23,107.0
nocue,15,s4,False,absent,increase,,increase,23,83.0
nocue,15,s7,False,increase,decrease,,decrease,23,83.0
nocue,15,s9,True,absent,decrease,,increase,23,83.0
nocue,15,s11,True,absent,increase,,increase,23,83.0
nocue,15,s12,True,increase,increase,,decrease,23,83.0
nocue,15,s14,True,absent,decrease,,stable,23,83.0
nocue,15,s15,True,absent,increase,,decrease,23,83.0
nocue,16,s4,False,absent,increase,,stable,23,84.0
nocue,16,s7,False,increase,decrease,,increase,23,84.0
nocue,16,s9,True,absent,decrease,,increase,23,84.0
nocue,16,s11,True,absent,increase,,increase,23,84.0
nocue,16,s12,True,increase,increase,,decrease,23,84.0
nocue,16,s14,True,absent,decrease,,increase,23,84.0
nocue,16,s15,True,absent,increase,,increase,23,84.0
nocue,17,s4,False,absent,increase,,increase,23,50.0
nocue,17,s7,False,increase,decrease,,decrease,23,50.0
nocue,17,s9,True,unspecified,decrease,,increase,23,50.0
nocue,17,s11,True,absent,increase,,increase,23,50.0
nocue,17,s12,True,increase,increase,,increase,23,50.0
nocue,17,s14,True,absent,decrease,,increase,23,50.0
nocue,17,s15,True,absent,increase,,increase,23,50.0
nocue,18,s4,False,absent,increase,,increase,23,28.0
nocue,18,s7,False,increase,decrease,,decrease,23,28.0
nocue,18,s9,True,absent,decrease,,decrease,23,28.0
nocue,18,s11,True,absent,increase,,increase,23,28.0
nocue,18,s12,True,increase,increase,,decrease,23,28.0
nocue,18,s14,True,absent,decrease,,decrease,23,28.0
nocue,18,s15,True,absent,increase,,increase,23,28.0
nocue,19,s4,False,absent,increase,,increase,42,87.0
nocue,19,s7,False,increase,decrease,,increase,42,87.0
nocue,19,s9,True,absent,decrease,,decrease,42,87.0
nocue,19,s11,True,absent,increase,,stable,42,87.0
nocue,19,s12,True,increase,increase,,decrease,42,87.0
nocue,19,s14,True,absent,decrease,,decrease,42,87.0
nocue,19,s15,True,absent,increase,,increase,42,87.0
nocue,20,s4,False,increase,increase,,decrease,23,16.0
nocue,20,s7,False,increase,decrease,,decrease,23,16.0
nocue,20,s9,True,absent,decrease,,increase,23,16.0
nocue,20,s11,True,unspecified,increase,,increase,23,16.0
nocue,20,s12,True,absent,increase,,decrease,23,16.0
nocue,20,s14,True,absent,decrease,,decrease,23,16.0
nocue,20,s15,True,absent,increase,,increase,23,16.0
nocue,21,s4,False,increase,increase,,stable,23,57.0
nocue,21,s7,False,increase,decrease,,decrease,23,57.0
nocue,21,s9,True,absent,decrease,,increase,23,57.0
nocue,21,s11,True,absent,increase,,increase,23,57.0
nocue,21,s12,True,increase,increase,,increase,23,57.0
nocue,21,s14,True,absent,decrease,,increase,23,57.0
nocue,21,s15,True,absent,increase,,increase,23,57.0
nocue,22,s4,False,increase,increase,,increase,23,111.0
nocue,22,s7,False,increase,decrease,,increase,23,111.0
nocue,22,s9,True,absent,decrease,,increase,23,111.0
nocue,22,s11,True,absent,increase,,increase,23,111.0
nocue,22,s12,True,increase,increase,,stable,23,111.0
nocue,22,s14,True,absent,decrease,,stable,23,111.0
nocue,22,s15,True,absent,increase,,decrease,23,111.0
nocue,23,s4,False,absent,increase,,increase,42,113.0
nocue,23,s7,False,increase,decrease,,decrease,42,113.0
nocue,23,s9,True,absent,decrease,,increase,42,113.0
nocue,23,s11,True,absent,increase,,stable,42,113.0
nocue,23,s12,True,increase,increase,,decrease,42,113.0
nocue,23,s14,True,absent,decrease,,increase,42,113.0
nocue,23,s15,True,absent,increase,,increase,42,113.0
nocue,24,s4,False,absent,increase,,increase,23,20.0
nocue,24,s7,False,increase,decrease,,decrease,23,20.0
nocue,24,s9,True,absent,decrease,,increase,23,20.0
nocue,24,s11,True,absent,increase,,increase,23,20.0
nocue,24,s12,True,increase,increase,,decrease,23,20.0
nocue,24,s14,True,absent,decrease,,increase,23,20.0
nocue,24,s15,True,absent,increase,,increase,23,20.0
nocue,25,s4,False,absent,increase,,decrease,42,125.0
nocue,25,s7,False,increase,decrease,,stable,42,125.0
nocue,25,s9,True,absent,decrease,,increase,42,125.0
nocue,25,s11,True,absent,increase,,decrease,42,125.0
nocue,25,s12,True,increase,increase,,decrease,42,125.0
nocue,25,s14,True,absent,decrease,,increase,42,125.0
nocue,25,s15,True,absent,increase,,decrease,42,125.0
nocue,26,s4,False,unspecified,increase,,increase,42,119.0
nocue,26,s7,False,increase,decrease,,increase,42,119.0
nocue,26,s9,True,absent,decrease,,increase,42,119.0
nocue,26,s11,True,absent,increase,,increase,42,119.0
nocue,26,s12,True,increase,increase,,decrease,42,119.0
nocue,26,s14,True,absent,decrease,,stable,42,119.0
nocue,26,s15,True,unspecified,increase,,increase,42,119.0
nocue,27,s4,False,absent,increase,,increase,23,66.0
nocue,27,s7,False,increase,decrease,,decrease,23,66.0
nocue,27,s9,True,absent,decrease,,increase,23,66.0
nocue,27,s11,True,increase,increase,,decrease,23,66.0
nocue,27,s12,True,increase,increase,,decrease,23,66.0
nocue,27,s14,True,absent,decrease,,decrease,23,66.0
nocue,27,s15,True,absent,increase,,increase,23,66.0
nocue,28,s4,False,absent,increase,,increase,23,97.0
nocue,28,s7,False,increase,decrease,,increase,23,97.0
nocue,28,s9,True,absent,decrease,,increase,23,97.0
nocue,28,s11,True,absent,increase,,decrease,23,97.0
nocue,28,s12,True,increase,increase,,decrease,23,97.0
nocue,28,s14,True,absent,decrease,,decrease,23,97.0
nocue,28,s15,True,absent,increase,,decrease,23,97.0
nocue,29,s4,False,absent,increase,,stable,23,90.0
nocue,29,s7,False,increase,decrease,,decrease,23,90.0
nocue,29,s9,True,absent,decrease,,increase,23,90.0
nocue,29,s11,True,absent,increase,,stable,23,90.0
nocue,29,s12,True,increase,increase,,decrease,23,90.0
nocue,29,s14,True,absent,decrease,,stable,23,90.0
nocue,29,s15,True,absent,increase,,decrease,23,90.0
nocue,30,s4,False,absent,increase,,decrease,23,115.0
nocue,30,s7,False,increase,decrease,,decrease,23,115.0
nocue,30,s9,True,absent,decrease,,increase,23,115.0
nocue,30,s11,True,absent,increase,,decrease,23,115.0
nocue,30,s12,True,absent,increase,,increase,23,115.0
nocue,30,s14,True,absent,decrease,,increase,23,115.0
nocue,30,s15,True,absent,increase,,increase,23,115.0
nocue,31,s4,False,increase,increase,,increase,23,8.0
nocue,31,s7,False,increase,decrease,,decrease,23,8.0
nocue,31,s9,True,absent,decrease,,increase,23,8.0
nocue,31,s11,True,absent,increase,,decrease,23,8.0
nocue,31,s12,True,absent,increase,,decrease,23,8.0
nocue,31,s14,True,absent,decrease,,stable,23,8.0
nocue,31,s15,True,absent,increase,,increase,23,8.0
nocue,32,s4,False,absent,increase,,increase,42,48.0
nocue,32,s7,False,increase,decrease,,decrease,42,48.0
nocue,32,s9,True,absent,decrease,,increase,42,48.0
nocue,32,s11,True,absent,increase,,increase,42,48.0
nocue,32,s12,True,increase,increase,,increase,42,48.0
nocue,32,s14,True,absent,decrease,,increase,42,48.0
nocue,32,s15,True,absent,increase,,increase,42,48.0
nocue,33,s4,False,absent,increase,,increase,43,106.0
nocue,33,s7,False,increase,decrease,,decrease,43,106.0
nocue,33,s9,True,absent,decrease,,stable,43,106.0
nocue,33,s11,True,absent,increase,,increase,43,106.0
nocue,33,s12,True,increase,increase,,decrease,43,106.0
nocue,33,s14,True,absent,decrease,,decrease,43,106.0
nocue,33,s15,True,absent,increase,,stable,43,106.0
nocue,34,s4,False,increase,increase,,increase,23,7.0
nocue,34,s7,False,unspecified,decrease,,decrease,23,7.0
nocue,34,s9,True,absent,decrease,,decrease,23,7.0
nocue,34,s11,True,absent,increase,,increase,23,7.0
nocue,34,s12,True,increase,increase,,decrease,23,7.0
nocue,34,s14,True,absent,decrease,,decrease,23,7.0
nocue,34,s15,True,absent,increase,,increase,23,7.0
nocue,35,s4,False,increase,increase,,increase,23,11.0
nocue,35,s7,False,absent,decrease,,decrease,23,11.0
nocue,35,s9,True,absent,decrease,,increase,23,11.0
nocue,35,s11,True,absent,increase,,increase,23,11.0
nocue,35,s12,True,absent,increase,,decrease,23,11.0
nocue,35,s14,True,absent,decrease,,increase,23,11.0
nocue,35,s15,True,absent,increase,,increase,23,11.0
nocue,36,s4,False,increase,increase,,increase,23,19.0
nocue,36,s7,False,increase,decrease,,decrease,23,19.0
nocue,36,s9,True,absent,decrease,,decrease,23,19.0
nocue,36,s11,True,absent,increase,,increase,23,19.0
nocue,36,s12,True,absent,increase,,decrease,23,19.0
nocue,36,s14,True,absent,decrease,,decrease,23,19.0
nocue,36,s15,True,absent,increase,,increase,23,19.0
nocue,37,s4,False,absent,increase,,increase,23,21.0
nocue,37,s7,False,increase,decrease,,decrease,23,21.0
nocue,37,s9,True,absent,decrease,,decrease,23,21.0
nocue,37,s11,True,unspecified,increase,,increase,23,21.0
nocue,37,s12,True,unspecified,increase,,decrease,23,21.0
nocue,37,s14,True,absent,decrease,,decrease,23,21.0
nocue,37,s15,True,absent,increase,,increase,23,21.0
nocue,38,s4,False,unspecified,increase,,decrease,23,50.0
nocue,38,s7,False,increase,decrease,,increase,23,50.0
nocue,38,s9,True,increase,decrease,,increase,23,50.0
nocue,38,s11,True,absent,increase,,increase,23,50.0
nocue,38,s12,True,absent,increase,,decrease,23,50.0
nocue,38,s14,True,absent,decrease,,increase,23,50.0
nocue,38,s15,True,absent,increase,,increase,23,50.0
nocue,39,s4,False,stable,increase,,increase,42,125.0
nocue,39,s7,False,increase,decrease,,increase,42,125.0
nocue,39,s9,True,stable,decrease,,increase,42,125.0
nocue,39,s11,True,absent,increase,,decrease,42,125.0
nocue,39,s12,True,increase,increase,,increase,42,125.0
nocue,39,s14,True,absent,decrease,,increase,42,125.0
nocue,39,s15,True,absent,increase,,decrease,42,125.0
nocue,40,s4,False,unspecified,increase,,increase,42,28.0
nocue,40,s7,False,increase,decrease,,decrease,42,28.0
nocue,40,s9,True,absent,decrease,,increase,42,28.0
nocue,40,s11,True,unspecified,increase,,increase,42,28.0
nocue,40,s12,True,absent,increase,,decrease,42,28.0
nocue,40,s14,True,absent,decrease,,increase,42,28.0
nocue,40,s15,True,absent,increase,,decrease,42,28.0
nocue,41,s4,False,unspecified,increase,,increase,23,18.0
nocue,41,s7,False,increase,decrease,,decrease,23,18.0
nocue,41,s9,True,absent,decrease,,decrease,23,18.0
nocue,41,s11,True,absent,increase,,increase,23,18.0
nocue,41,s12,True,increase,increase,,decrease,23,18.0
nocue,41,s14,True,absent,decrease,,decrease,23,18.0
nocue,41,s15,True,absent,increase,,increase,23,18.0
nocue,42,s4,False,increase,increase,,increase,23,10.0
nocue,42,s7,False,unspecified,decrease,,decrease,23,10.0
nocue,42,s9,True,absent,decrease,,decrease,23,10.0
nocue,42,s11,True,absent,increase,,increase,23,10.0
nocue,42,s12,True,increase,increase,,decrease,23,10.0
nocue,42,s14,True,absent,decrease,,decrease,23,10.0
nocue,42,s15,True,absent,increase,,increase,23,10.0
nocue,43,s4,False,unspecified,increase,,increase,22,59.0
nocue,43,s7,False,increase,decrease,,decrease,22,59.0
nocue,43,s9,True,absent,decrease,,decrease,22,59.0
nocue,43,s11,True,absent,increase,,increase,22,59.0
nocue,43,s12,True,increase,increase,,decrease,22,59.0
nocue,43,s14,True,absent,decrease,,stable,22,59.0
nocue,43,s15,True,absent,increase,,increase,22,59.0
nocue,44,s4,False,absent,increase,,increase,23,109.0
nocue,44,s7,False,increase,decrease,,decrease,23,109.0
nocue,44,s9,True,absent,decrease,,increase,23,109.0
nocue,44,s11,True,absent,increase,,increase,23,109.0
nocue,44,s12,True,increase,increase,,increase,23,109.0
nocue,44,s14,True,absent,decrease,,decrease,23,109.0
nocue,44,s15,True,absent,increase,,increase,23,109.0
nocue,45,s4,False,absent,increase,,increase,23,114.0
nocue,45,s7,False,increase,decrease,,increase,23,114.0
nocue,45,s9,True,absent,decrease,,increase,23,114.0
nocue,45,s11,True,absent,increase,,increase,23,114.0
nocue,45,s12,True,increase,increase,,decrease,23,114.0
nocue,45,s14,True,absent,decrease,,stable,23,114.0
nocue,45,s15,True,absent,increase,,increase,23,114.0
nocue,46,s4,False,increase,increase,,increase,23,47.0
nocue,46,s7,False,increase,decrease,,increase,23,47.0
nocue,46,s9,True,stable,decrease,,increase,23,47.0
nocue,46,s11,True,absent,increase,,increase,23,47.0
nocue,46,s12,True,absent,increase,,decrease,23,47.0
nocue,46,s14,True,absent,decrease,,stable,23,47.0
nocue,46,s15,True,absent,increase,,increase,23,47.0
nocue,47,s4,False,absent,increase,,decrease,23,125.0
nocue,47,s7,False,increase,decrease,,increase,23,125.0
nocue,47,s9,True,unspecified,decrease,,increase,23,125.0
nocue,47,s11,True,absent,increase,,decrease,23,125.0
nocue,47,s12,True,increase,increase,,increase,23,125.0
nocue,47,s14,True,unspecified,decrease,,increase,23,125.0
nocue,47,s15,True,absent,increase,,increase,23,125.0
nocue,48,s4,False,absent,increase,,decrease,23,92.0
nocue,48,s7,False,increase,decrease,,increase,23,92.0
nocue,48,s9,True,absent,decrease,,stable,23,92.0
nocue,48,s11,True,absent,increase,,increase,23,92.0
nocue,48,s12,True,increase,increase,,increase,23,92.0
nocue,48,s14,True,absent,decrease,,stable,23,92.0
nocue,48,s15,True,absent,increase,,increase,23,92.0
nocue,49,s4,False,increase,increase,,increase,23,21.0
nocue,49,s7,False,unspecified,decrease,,decrease,23,21.0
nocue,49,s9,True,absent,decrease,,decrease,23,21.0
nocue,49,s11,True,increase,increase,,increase,23,21.0
nocue,49,s12,True,absent,increase,,decrease,23,21.0
nocue,49,s14,True,absent,decrease,,stable,23,21.0
nocue,49,s15,True,absent,increase,,increase,23,21.0
nocue,50,s4,False,absent,increase,,decrease,23,79.0
nocue,50,s7,False,increase,decrease,,decrease,23,79.0
nocue,50,s9,True,unspecified,decrease,,increase,23,79.0
nocue,50,s11,True,absent,increase,,increase,23,79.0
nocue,50,s12,True,increase,increase,,increase,23,79.0
nocue,50,s14,True,absent,decrease,,stable,23,79.0
nocue,50,s15,True,unspecified,increase,,increase,23,79.0
nocue,51,s4,False,absent,increase,,increase,42,114.0
nocue,51,s7,False,increase,decrease,,decrease,42,114.0
nocue,51,s9,True,decrease,decrease,,increase,42,114.0
nocue,51,s11,True,absent,increase,,decrease,42,114.0
nocue,51,s12,True,increase,increase,,increase,42,114.0
nocue,51,s14,True,absent,decrease,,stable,42,114.0
nocue,51,s15,True,absent,increase,,increase,42,114.0
nocue,52,s4,False,stable,increase,,increase,23,29.0
nocue,52,s7,False,increase,decrease,,decrease,23,29.0
nocue,52,s9,True,absent,decrease,,increase,23,29.0
nocue,52,s11,True,absent,increase,,increase,23,29.0
nocue,52,s12,True,increase,increase,,decrease,23,29.0
nocue,52,s14,True,absent,decrease,,increase,23,29.0
nocue,52,s15,True,absent,increase,,increase,23,29.0
nocue,53,s4,False,increase,increase,,increase,23,26.0
nocue,53,s7,False,increase,decrease,,decrease,23,26.0
nocue,53,s9,True,absent,decrease,,increase,23,26.0
nocue,53,s11,True,absent,increase,,increase,23,26.0
nocue,53,s12,True,absent,increase,,decrease,23,26.0
nocue,53,s14,True,absent,decrease,,increase,23,26.0
nocue,53,s15,True,absent,increase,,increase,23,26.0
nocue,54,s4,False,absent,increase,,decrease,43,97.0
nocue,54,s7,False,increase,decrease,,decrease,43,97.0
nocue,54,s9,True,absent,decrease,,increase,43,97.0
nocue,54,s11,True,absent,increase,,increase,43,97.0
nocue,54,s12,True,increase,increase,,increase,43,97.0
nocue,54,s14,True,absent,decrease,,increase,43,97.0
nocue,54,s15,True,unspecified,increase,,increase,43,97.0
nocue,55,s4,False,stable,increase,,decrease,42,125.0
nocue,55,s7,False,increase,decrease,,decrease,42,125.0
nocue,55,s9,True,absent,decrease,,stable,42,125.0
nocue,55,s11,True,absent,increase,,increase,42,125.0
nocue,55,s12,True,increase,increase,,increase,42,125.0
nocue,55,s14,True,absent,decrease,,decrease,42,125.0
nocue,55,s15,True,absent,increase,,increase,42,125.0
nocue,56,s4,False,increase,increase,,stable,23,15.0
nocue,56,s7,False,unspecified,decrease,,stable,23,15.0
nocue,56,s9,True,absent,decrease,,decrease,23,15.0
nocue,56,s11,True,increase,increase,,increase,23,15.0
nocue,56,s12,True,absent,increase,,decrease,23,15.0
nocue,56,s14,True,absent,decrease,,decrease,23,15.0
nocue,56,s15,True,absent,increase,,increase,23,15.0
nocue,57,s4,False,absent,increase,,increase,23,103.0
nocue,57,s7,False,increase,decrease,,decrease,23,103.0
nocue,57,s9,True,decrease,decrease,,decrease,23,103.0
nocue,57,s11,True,absent,increase,,decrease,23,103.0
nocue,57,s12,True,increase,increase,,increase,23,103.0
nocue,57,s14,True,absent,decrease,,decrease,23,103.0
nocue,57,s15,True,absent,increase,,increase,23,103.0
nocue,58,s4,False,increase,increase,,increase,23,37.0
nocue,58,s7,False,increase,decrease,,decrease,23,37.0
nocue,58,s9,True,absent,decrease,,stable,23,37.0
nocue,58,s11,True,absent,increase,,increase,23,37.0
nocue,58,s12,True,absent,increase,,decrease,23,37.0
nocue,58,s14,True,absent,decrease,,decrease,23,37.0
nocue,58,s15,True,absent,increase,,increase,23,37.0
nocue,59,s4,False,absent,increase,,increase,42,114.0
nocue,59,s7,False,increase,decrease,,decrease,42,114.0
nocue,59,s9,True,absent,decrease,,increase,42,114.0
nocue,59,s11,True,absent,increase,,decrease,42,114.0
nocue,59,s12,True,increase,increase,,decrease,42,114.0
nocue,59,s14,True,absent,decrease,,stable,42,114.0
nocue,59,s15,True,absent,increase,,decrease,42,114.0
nocue,60,s4,False,absent,increase,,decrease,23,100.0
nocue,60,s7,False,increase,decrease,,decrease,23,100.0
nocue,60,s9,True,absent,decrease,,decrease,23,100.0
nocue,60,s11,True,absent,increase,,increase,23,100.0
nocue,60,s12,True,increase,increase,,decrease,23,100.0
nocue,60,s14,True,absent,decrease,,stable,23,100.0
nocue,60,s15,True,absent,increase,,increase,23,100.0
nocue,61,s4,False,decrease,increase,,increase,23,21.0
nocue,61,s7,False,increase,decrease,,decrease,23,21.0
nocue,61,s9,True,increase,decrease,,decrease,23,21.0
nocue,61,s11,True,absent,increase,,increase,23,21.0
nocue,61,s12,True,absent,increase,,decrease,23,21.0
nocue,61,s14,True,absent,decrease,,increase,23,21.0
nocue,61,s15,True,absent,increase,,increase,23,21.0
nocue,62,s4,False,absent,increase,,increase,42,54.0
nocue,62,s7,False,increase,decrease,,stable,42,54.0
nocue,62,s9,True,absent,decrease,,increase,42,54.0
nocue,62,s11,True,absent,increase,,increase,42,54.0
nocue,62,s12,True,increase,increase,,decrease,42,54.0
nocue,62,s14,True,absent,decrease,,increase,42,54.0
nocue,62,s15,True,absent,increase,,increase,42,54.0
nocue,63,s4,False,increase,increase,,increase,23,72.0
nocue,63,s7,False,increase,decrease,,decrease,23,72.0
nocue,63,s9,True,decrease,decrease,,increase,23,72.0
nocue,63,s11,True,absent,increase,,increase,23,72.0
nocue,63,s12,True,absent,increase,,increase,23,72.0
nocue,63,s14,True,absent,decrease,,increase,23,72.0
nocue,63,s15,True,absent,increase,,increase,23,72.0
nocue,64,s4,False,absent,increase,,increase,23,28.0
nocue,64,s7,False,increase,decrease,,decrease,23,28.0
nocue,64,s9,True,absent,decrease,,decrease,23,28.0
nocue,64,s11,True,increase,increase,,increase,23,28.0
nocue,64,s12,True,absent,increase,,decrease,23,28.0
nocue,64,s14,True,absent,decrease,,decrease,23,28.0
nocue,64,s15,True,absent,increase,,increase,23,28.0
nocue,65,s4,False,absent,increase,,increase,42,125.0
nocue,65,s7,False,increase,decrease,,decrease,42,125.0
nocue,65,s9,True,absent,decrease,,stable,42,125.0
nocue,65,s11,True,absent,increase,,decrease,42,125.0
nocue,65,s12,True,increase,increase,,increase,42,125.0
nocue,65,s14,True,absent,decrease,,increase,42,125.0
nocue,65,s15,True,absent,increase,,increase,42,125.0
nocue,66,s4,False,increase,increase,,increase,23,14.0
nocue,66,s7,False,decrease,decrease,,decrease,23,14.0
nocue,66,s9,True,absent,decrease,,increase,23,14.0
nocue,66,s11,True,increase,increase,,increase,23,14.0
nocue,66,s12,True,absent,increase,,stable,23,14.0
nocue,66,s14,True,absent,decrease,,increase,23,14.0
nocue,66,s15,True,absent,increase,,increase,23,14.0
nocue,67,s4,False,absent,increase,,increase,42,77.0
nocue,67,s7,False,increase,decrease,,increase,42,77.0
nocue,67,s9,True,absent,decrease,,decrease,42,77.0
nocue,67,s11,True,absent,increase,,decrease,42,77.0
nocue,67,s12,True,increase,increase,,decrease,42,77.0
nocue,67,s14,True,absent,decrease,,stable,42,77.0
nocue,67,s15,True,absent,increase,,decrease,42,77.0
nocue,68,s4,False,increase,increase,,increase,23,8.0
nocue,68,s7,False,increase,decrease,,decrease,23,8.0
nocue,68,s9,True,absent,decrease,,increase,23,8.0
nocue,68,s11,True,absent,increase,,increase,23,8.0
nocue,68,s12,True,absent,increase,,decrease,23,8.0
nocue,68,s14,True,absent,decrease,,increase,23,8.0
nocue,68,s15,True,absent,increase,,increase,23,8.0
nocue,69,s4,False,absent,increase,,increase,42,121.0
nocue,69,s7,False,increase,decrease,,increase,42,121.0
nocue,69,s9,True,absent,decrease,,stable,42,121.0
nocue,69,s11,True,absent,increase,,decrease,42,121.0
nocue,69,s12,True,increase,increase,,decrease,42,121.0
nocue,69,s14,True,absent,decrease,,increase,42,121.0
nocue,69,s15,True,absent,increase,,decrease,42,121.0
nocue,70,s4,False,increase,increase,,decrease,42,94.0
nocue,70,s7,False,increase,decrease,,stable,42,94.0
nocue,70,s9,True,absent,decrease,,stable,42,94.0
nocue,70,s11,True,stable,increase,,increase,42,94.0
nocue,70,s12,True,absent,increase,,increase,42,94.0
nocue,70,s14,True,absent,decrease,,stable,42,94.0
nocue,70,s15,True,absent,increase,,decrease,42,94.0
nocue,71,s4,False,decrease,increase,,increase,42,118.0
nocue,71,s7,False,increase,decrease,,decrease,42,118.0
nocue,71,s9,True,absent,decrease,,increase,42,118.0
nocue,71,s11,True,absent,increase,,increase,42,118.0
nocue,71,s12,True,increase,increase,,increase,42,118.0
nocue,71,s14,True,absent,decrease,,decrease,42,118.0
nocue,71,s15,True,absent,increase,,increase,42,118.0
nocue,72,s4,False,absent,increase,,increase,23,50.0
nocue,72,s7,False,increase,decrease,,decrease,23,50.0
nocue,72,s9,True,absent,decrease,,stable,23,50.0
nocue,72,s11,True,absent,increase,,increase,23,50.0
nocue,72,s12,True,increase,increase,,decrease,23,50.0
nocue,72,s14,True,absent,decrease,,increase,23,50.0
nocue,72,s15,True,absent,increase,,increase,23,50.0
nocue,73,s4,False,absent,increase,,decrease,23,125.0
nocue,73,s7,False,increase,decrease,,increase,23,125.0
nocue,73,s9,True,absent,decrease,,decrease,23,125.0
nocue,73,s11,True,absent,increase,,decrease,23,125.0
nocue,73,s12,True,increase,increase,,decrease,23,125.0
nocue,73,s14,True,absent,decrease,,decrease,23,125.0
nocue,73,s15,True,absent,increase,,increase,23,125.0
nocue,74,s4,False,absent,increase,,increase,23,125.0
nocue,74,s7,False,increase,decrease,,decrease,23,125.0
nocue,74,s9,True,absent,decrease,,increase,23,125.0
nocue,74,s11,True,absent,increase,,increase,23,125.0
nocue,74,s12,True,increase,increase,,decrease,23,125.0
nocue,74,s14,True,absent,decrease,,decrease,23,125.0
nocue,74,s15,True,absent,increase,,decrease,23,125.0
nocue,75,s4,False,unspecified,increase,,increase,23,113.0
nocue,75,s7,False,increase,decrease,,increase,23,113.0
nocue,75,s9,True,unspecified,decrease,,decrease,23,113.0
nocue,75,s11,True,absent,increase,,increase,23,113.0
nocue,75,s12,True,increase,increase,,decrease,23,113.0
nocue,75,s14,True,absent,decrease,,decrease,23,113.0
nocue,75,s15,True,absent,increase,,increase,23,113.0
nocue,76,s4,False,increase,increase,,increase,23,10.0
nocue,76,s7,False,unspecified,decrease,,decrease,23,10.0
nocue,76,s9,True,absent,decrease,,increase,23,10.0
nocue,76,s11,True,absent,increase,,increase,23,10.0
nocue,76,s12,True,increase,increase,,decrease,23,10.0
nocue,76,s14,True,absent,decrease,,increase,23,10.0
nocue,76,s15,True,absent,increase,,increase,23,10.0
nocue,77,s4,False,increase,increase,,increase,23,34.0
nocue,77,s7,False,unspecified,decrease,,decrease,23,34.0
nocue,77,s9,True,absent,decrease,,increase,23,34.0
nocue,77,s11,True,absent,increase,,increase,23,34.0
nocue,77,s12,True,increase,increase,,decrease,23,34.0
nocue,77,s14,True,absent,decrease,,increase,23,34.0
nocue,77,s15,True,absent,increase,,decrease,23,34.0
nocue,78,s4,False,absent,increase,,decrease,23,107.0
nocue,78,s7,False,increase,decrease,,increase,23,107.0
nocue,78,s9,True,absent,decrease,,increase,23,107.0
nocue,78,s11,True,absent,increase,,stable,23,107.0
nocue,78,s12,True,increase,increase,,increase,23,107.0
nocue,78,s14,True,absent,decrease,,increase,23,107.0
nocue,78,s15,True,absent,increase,,decrease,23,107.0
nocue,79,s4,False,absent,increase,,decrease,23,63.0
nocue,79,s7,False,increase,decrease,,decrease,23,63.0
nocue,79,s9,True,absent,decrease,,decrease,23,63.0
nocue,79,s11,True,absent,increase,,increase,23,63.0
nocue,79,s12,True,increase,increase,,stable,23,63.0
nocue,79,s14,True,absent,decrease,,decrease,23,63.0
nocue,79,s15,True,absent,increase,,increase,23,63.0
nocue,80,s4,False,absent,increase,,increase,23,90.0
nocue,80,s7,False,increase,decrease,,decrease,23,90.0
nocue,80,s9,True,absent,decrease,,stable,23,90.0
nocue,80,s11,True,absent,increase,,increase,23,90.0
nocue,80,s12,True,increase,increase,,decrease,23,90.0
nocue,80,s14,True,absent,decrease,,decrease,23,90.0
nocue,80,s15,True,absent,increase,,increase,23,90.0
nocue,81,s4,False,increase,increase,,increase,42,8.0
nocue,81,s7,False,unspecified,decrease,,decrease,42,8.0
nocue,81,s9,True,absent,decrease,,increase,42,8.0
nocue,81,s11,True,increase,increase,,increase,42,8.0
nocue,81,s12,True,absent,increase,,decrease,42,8.0
nocue,81,s14,True,absent,decrease,,increase,42,8.0
nocue,81,s15,True,absent,increase,,increase,42,8.0
nocue,82,s4,False,unspecified,increase,,increase,23,9.0
nocue,82,s7,False,increase,decrease,,decrease,23,9.0
nocue,82,s9,True,absent,decrease,,increase,23,9.0
nocue,82,s11,True,increase,increase,,increase,23,9.0
nocue,82,s12,True,absent,increase,,decrease,23,9.0
nocue,82,s14,True,absent,decrease,,decrease,23,9.0
nocue,82,s15,True,absent,increase,,increase,23,9.0
nocue,83,s4,False,absent,increase,,stable,42,125.0
nocue,83,s7,False,increase,decrease,,decrease,42,125.0
nocue,83,s9,True,absent,decrease,,decrease,42,125.0
nocue,83,s11,True,absent,increase,,decrease,42,125.0
nocue,83,s12,True,increase,increase,,decrease,42,125.0
nocue,83,s14,True,absent,decrease,,increase,42,125.0
nocue,83,s15,True,absent,increase,,increase,42,125.0
nocue,84,s4,False,increase,increase,,increase,23,58.0
nocue,84,s7,False,increase,decrease,,decrease,23,58.0
nocue,84,s9,True,unspecified,decrease,,stable,23,58.0
nocue,84,s11,True,unspecified,increase,,decrease,23,58.0
nocue,84,s12,True,absent,increase,,increase,23,58.0
nocue,84,s14,True,absent,decrease,,decrease,23,58.0
nocue,84,s15,True,absent,increase,,decrease,23,58.0
nocue,85,s4,False,absent,increase,,increase,23,118.0
nocue,85,s7,False,increase,decrease,,increase,23,118.0
nocue,85,s9,True,increase,decrease,,decrease,23,118.0
nocue,85,s11,True,absent,increase,,increase,23,118.0
nocue,85,s12,True,increase,increase,,increase,23,118.0
nocue,85,s14,True,absent,decrease,,stable,23,118.0
nocue,85,s15,True,absent,increase,,decrease,23,118.0
nocue,86,s4,False,absent,increase,,decrease,23,89.0
nocue,86,s7,False,increase,decrease,,stable,23,89.0
nocue,86,s9,True,absent,decrease,,increase,23,89.0
nocue,86,s11,True,absent,increase,,increase,23,89.0
nocue,86,s12,True,increase,increase,,decrease,23,89.0
nocue,86,s14,True,absent,decrease,,increase,23,89.0
nocue,86,s15,True,absent,increase,,increase,23,89.0
nocue,87,s4,False,absent,increase,,decrease,42,116.0
nocue,87,s7,False,increase,decrease,,decrease,42,116.0
nocue,87,s9,True,absent,decrease,,decrease,42,116.0
nocue,87,s11,True,absent,increase,,decrease,42,116.0
nocue,87,s12,True,increase,increase,,increase,42,116.0
nocue,87,s14,True,absent,decrease,,stable,42,116.0
nocue,87,s15,True,absent,increase,,increase,42,116.0
nocue,88,s4,False,absent,increase,,decrease,23,115.0
nocue,88,s7,False,increase,decrease,,increase,23,115.0
nocue,88,s9,True,unspecified,decrease,,increase,23,115.0
nocue,88,s11,True,absent,increase,,decrease,23,115.0
nocue,88,s12,True,increase,increase,,increase,23,115.0
nocue,88,s14,True,absent,decrease,,increase,23,115.0
nocue,88,s15,True,absent,increase,,decrease,23,115.0
nocue,89,s4,False,absent,increase,,increase,23,125.0
nocue,89,s7,False,increase,decrease,,stable,23,125.0
nocue,89,s9,True,decrease,decrease,,increase,23,125.0
nocue,89,s11,True,absent,increase,,decrease,23,125.0
nocue,89,s12,True,increase,increase,,decrease,23,125.0
nocue,89,s14,True,absent,decrease,,stable,23,125.0
nocue,89,s15,True,absent,increase,,increase,23,125.0
nocue,90,s4,False,increase,increase,,increase,23,28.0
nocue,90,s7,False,increase,decrease,,decrease,23,28.0
nocue,90,s9,True,absent,decrease,,increase,23,28.0
nocue,90,s11,True,absent,increase,,increase,23,28.0
nocue,90,s12,True,absent,increase,,increase,23,28.0
nocue,90,s14,True,absent,decrease,,increase,23,28.0
nocue,90,s15,True,absent,increase,,increase,23,28.0
nocue,91,s4,False,increase,increase,,increase,23,38.0
nocue,91,s7,False,absent,decrease,,decrease,23,38.0
nocue,91,s9,True,decrease,decrease,,increase,23,38.0
nocue,91,s11,True,increase,increase,,increase,23,38.0
nocue,91,s12,True,absent,increase,,increase,23,38.0
nocue,91,s14,True,absent,decrease,,stable,23,38.0
nocue,91,s15,True,absent,increase,,increase,23,38.0
nocue,92,s4,False,increase,increase,,decrease,23,20.0
nocue,92,s7,False,increase,decrease,,decrease,23,20.0
nocue,92,s9,True,unspecified,decrease,,increase,23,20.0
nocue,92,s11,True,decrease,increase,,increase,23,20.0
nocue,92,s12,True,absent,increase,,decrease,23,20.0
nocue,92,s14,True,absent,decrease,,increase,23,20.0
nocue,92,s15,True,absent,increase,,stable,23,20.0
nocue,93,s4,False,increase,increase,,stable,23,85.0
nocue,93,s7,False,increase,decrease,,increase,23,85.0
nocue,93,s9,True,absent,decrease,,increase,23,85.0
nocue,93,s11,True,unspecified,increase,,decrease,23,85.0
nocue,93,s12,True,unspecified,increase,,increase,23,85.0
nocue,93,s14,True,absent,decrease,,increase,23,85.0
nocue,93,s15,True,absent,increase,,increase,23,85.0
nocue,94,s4,False,absent,increase,,increase,23,55.0
nocue,94,s7,False,increase,decrease,,stable,23,55.0
nocue,94,s9,True,absent,decrease,,decrease,23,55.0
nocue,94,s11,True,absent,increase,,increase,23,55.0
nocue,94,s12,True,absent,increase,,decrease,23,55.0
nocue,94,s14,True,absent,decrease,,stable,23,55.0
nocue,94,s15,True,unspecified,increase,,increase,23,55.0
nocue,95,s4,False,unspecified,increase,,decrease,42,125.0
nocue,95,s7,False,increase,decrease,,decrease,42,125.0
nocue,95,s9,True,absent,decrease,,stable,42,125.0
nocue,95,s11,True,absent,increase,,increase,42,125.0
nocue,95,s12,True,increase,increase,,stable,42,125.0
nocue,95,s14,True,absent,decrease,,increase,42,125.0
nocue,95,s15,True,absent,increase,,increase,42,125.0
nocue,96,s4,False,absent,increase,,increase,42,125.0
nocue,96,s7,False,increase,decrease,,decrease,42,125.0
nocue,96,s9,True,unspecified,decrease,,decrease,42,125.0
nocue,96,s11,True,absent,increase,,increase,42,125.0
nocue,96,s12,True,increase,increase,,increase,42,125.0
nocue,96,s14,True,absent,decrease,,stable,42,125.0
nocue,96,s15,True,absent,increase,,increase,42,125.0
nocue,97,s4,False,absent,increase,,increase,42,82.0
nocue,97,s7,False,increase,decrease,,decrease,42,82.0
nocue,97,s9,True,absent,decrease,,increase,42,82.0
nocue,97,s11,True,absent,increase,,increase,42,82.0
nocue,97,s12,True,absent,increase,,decrease,42,82.0
nocue,97,s14,True,absent,decrease,,increase,42,82.0
nocue,97,s15,True,absent,increase,,increase,42,82.0
nocue,98,s4,False,absent,increase,,increase,23,59.0
nocue,98,s7,False,increase,decrease,,increase,23,59.0
nocue,98,s9,True,absent,decrease,,increase,23,59.0
nocue,98,s11,True,unspecified,increase,,increase,23,59.0
nocue,98,s12,True,increase,increase,,increase,23,59.0
nocue,98,s14,True,absent,decrease,,increase,23,59.0
nocue,98,s15,True,absent,increase,,increase,23,59.0
nocue,99,s4,False,absent,increase,,increase,42,117.0
nocue,99,s7,False,increase,decrease,,increase,42,117.0
nocue,99,s9,True,absent,decrease,,increase,42,117.0
nocue,99,s11,True,absent,increase,,increase,42,117.0
nocue,99,s12,True,increase,increase,,decrease,42,117.0
nocue,99,s14,True,absent,decrease,,increase,42,117.0
nocue,99,s15,True,increase,increase,,decrease,42,117.0
nocue,100,s4,False,increase,increase,,increase,23,20.0
nocue,100,s7,False,increase,decrease,,decrease,23,20.0
nocue,100,s9,True,absent,decrease,,increase,23,20.0
nocue,100,s11,True,absent,increase,,increase,23,20.0
nocue,100,s12,True,increase,increase,,decrease,23,20.0
nocue,100,s14,True,absent,decrease,,increase,23,20.0
nocue,100,s15,True,absent,increase,,increase,23,20.0
invcue,1,s4,False,absent,increase,,increase,23,112.0
invcue,1,s7,False,absent,decrease,,decrease,23,112.0
invcue,1,s9,True,stable,decrease,increase,stable,23,112.0
invcue,1,s11,True,increase,increase,decrease,decrease,23,112.0
invcue,1,s12,True,increase,increase,decrease,decrease,23,112.0
invcue,1,s14,True,stable,decrease,increase,decrease,23,112.0
invcue,1,s15,True,absent,increase,decrease,increase,23,112.0
invcue,2,s4,False,absent,increase,,increase,23,98.0
invcue,2,s7,False,absent,decrease,,stable,23,98.0
invcue,2,s9,True,increase,decrease,increase,decrease,23,98.0
invcue,2,s11,True,increase,increase,decrease,increase,23,98.0
invcue,2,s12,True,increase,increase,decrease,increase,23,98.0
invcue,2,s14,True,increase,decrease,increase,decrease,23,98.0
invcue,2,s15,True,absent,increase,decrease,decrease,23,98.0
invcue,3,s4,False,absent,increase,,increase,23,69.0
invcue,3,s7,False,absent,decrease,,decrease,23,69.0
invcue,3,s9,True,increase,decrease,increase,stable,23,69.0
invcue,3,s11,True,decrease,increase,decrease,increase,23,69.0
invcue,3,s12,True,decrease,increase,decrease,decrease,23,69.0
invcue,3,s14,True,increase,decrease,increase,increase,23,69.0
invcue,3,s15,True,absent,increase,decrease,decrease,23,69.0
invcue,4,s4,False,absent,increase,,decrease,23,82.0
invcue,4,s7,False,absent,decrease,,decrease,23,82.0
invcue,4,s9,True,increase,decrease,increase,stable,23,82.0
invcue,4,s11,True,increase,increase,decrease,increase,23,82.0
invcue,4,s12,True,increase,increase,decrease,increase,23,82.0
invcue,4,s14,True,increase,decrease,increase,decrease,23,82.0
invcue,4,s15,True,absent,increase,decrease,increase,23,82.0
invcue,5,s4,False,absent,increase,,increase,23,91.0
invcue,5,s7,False,absent,decrease,,increase,23,91.0
invcue,5,s9,True,unspecified,decrease,increase,increase,23,91.0
invcue,5,s11,True,decrease,increase,decrease,decrease,23,91.0
invcue,5,s12,True,decrease,increase,decrease,decrease,23,91.0
invcue,5,s14,True,unspecified,decrease,increase,stable,23,91.0
invcue,5,s15,True,absent,increase,decrease,decrease,23,91.0
invcue,6,s4,False,absent,increase,,decrease,23,93.0
invcue,6,s7,False,absent,decrease,,increase,23,93.0
invcue,6,s9,True,decrease,decrease,increase,increase,23,93.0
invcue,6,s11,True,increase,increase,decrease,increase,23,93.0
invcue,6,s12,True,increase,increase,decrease,increase,23,93.0
invcue,6,s14,True,decrease,decrease,increase,increase,23,93.0
invcue,6,s15,True,increase,increase,decrease,decrease,23,93.0
invcue,7,s4,False,absent,increase,,increase,23,91.0
invcue,7,s7,False,absent,decrease,,decrease,23,91.0
invcue,7,s9,True,decrease,decrease,increase,increase,23,91.0
invcue,7,s11,True,increase,increase,decrease,increase,23,91.0
invcue,7,s12,True,increase,increase,decrease,increase,23,91.0
invcue,7,s14,True,decrease,decrease,increase,increase,23,91.0
invcue,7,s15,True,increase,increase,decrease,decrease,23,91.0
invcue,8,s4,False,absent,increase,,increase,23,95.0
invcue,8,s7,False,absent,decrease,,increase,23,95.0
invcue,8,s9,True,increase,decrease,increase,stable,23,95.0
invcue,8,s11,True,increase,increase,decrease,decrease,23,95.0
invcue,8,s12,True,increase,increase,decrease,decrease,23,95.0
invcue,8,s14,True,absent,decrease,increase,stable,23,95.0
invcue,8,s15,True,absent,increase,decrease,increase,23,95.0
invcue,9,s4,False,absent,increase,,decrease,23,111.0
invcue,9,s7,False,absent,decrease,,decrease,23,111.0
invcue,9,s9,True,decrease,decrease,increase,stable,23,111.0
invcue,9,s11,True,increase,increase,decrease,decrease,23,111.0
invcue,9,s12,True,increase,increase,decrease,increase,23,111.0
invcue,9,s14,True,decrease,decrease,increase,increase,23,111.0
invcue,9,s15,True,increase,increase,decrease,increase,23,111.0
invcue,10,s4,False,absent,increase,,increase,23,96.0
invcue,10,s7,False,absent,decrease,,decrease,23,96.0
invcue,10,s9,True,increase,decrease,increase,stable,23,96.0
invcue,10,s11,True,increase,increase,decrease,increase,23,96.0
invcue,10,s12,True,increase,increase,decrease,increase,23,96.0
invcue,10,s14,True,increase,decrease,increase,stable,23,96.0
invcue,10,s15,True,absent,increase,decrease,decrease,23,96.0
invcue,11,s4,False,absent,increase,,increase,23,97.0
invcue,11,s7,False,absent,decrease,,decrease,23,97.0
invcue,11,s9,True,increase,decrease,increase,decrease,23,97.0
invcue,11,s11,True,increase,increase,decrease,decrease,23,97.0
invcue,11,s12,True,increase,increase,decrease,increase,23,97.0
invcue,11,s14,True,increase,decrease,increase,decrease,23,97.0
invcue,11,s15,True,absent,increase,decrease,increase,23,97.0
invcue,12,s4,False,absent,increase,,increase,23,124.0
invcue,12,s7,False,absent,decrease,,decrease,23,124.0
invcue,12,s9,True,unspecified,decrease,increase,increase,23,124.0
invcue,12,s11,True,increase,increase,decrease,decrease,23,124.0
invcue,12,s12,True,increase,increase,decrease,increase,23,124.0
invcue,12,s14,True,increase,decrease,increase,increase,23,124.0
invcue,12,s15,True,absent,increase,decrease,increase,23,124.0
invcue,13,s4,False,absent,increase,,increase,23,95.0
invcue,13,s7,False,absent,decrease,,decrease,23,95.0
invcue,13,s9,True,increase,decrease,increase,stable,23,95.0
invcue,13,s11,True,decrease,increase,decrease,increase,23,95.0
invcue,13,s12,True,decrease,increase,decrease,decrease,23,95.0
invcue,13,s14,True,unspecified,decrease,increase,increase,23,95.0
invcue,13,s15,True,decrease,increase,decrease,decrease,23,95.0
invcue,14,s4,False,absent,increase,,decrease,23,107.0
invcue,14,s7,False,absent,decrease,,increase,23,107.0
invcue,14,s9,True,stable,decrease,increase,stable,23,107.0
invcue,14,s11,True,decrease,increase,decrease,decrease,23,107.0
invcue,14,s12,True,decrease,increase,decrease,decrease,23,107.0
invcue,14,s14,True,stable,decrease,increase,stable,23,107.0
invcue,14,s15,True,absent,increase,decrease,decrease,23,107.0
invcue,15,s4,False,absent,increase,,increase,23,83.0
invcue,15,s7,False,absent,decrease,,decrease,23,83.0
invcue,15,s9,True,decrease,decrease,increase,increase,23,83.0
invcue,15,s11,True,increase,increase,decrease,increase,23,83.0
invcue,15,s12,True,increase,increase,decrease,decrease,23,83.0
invcue,15,s14,True,decrease,decrease,increase,stable,23,83.0
invcue,15,s15,True,absent,increase,decrease,decrease,23,83.0
invcue,16,s4,False,absent,increase,,stable,23,84.0
invcue,16,s7,False,absent,decrease,,increase,23,84.0
invcue,16,s9,True,stable,decrease,increase,increase,23,84.0
invcue,16,s11,True,increase,increase,decrease,increase,23,84.0
invcue,16,s12,True,increase,increase,decrease,decrease,23,84.0
invcue,16,s14,True,stable,decrease,increase,increase,23,84.0
invcue,16,s15,True,absent,increase,decrease,increase,23,84.0
invcue,17,s4,False,absent,increase,,increase,23,50.0
invcue,17,s7,False,absent,decrease,,decrease,23,50.0
invcue,17,s9,True,increase,decrease,increase,increase,23,50.0
invcue,17,s11,True,increase,increase,decrease,increase,23,50.0
invcue,17,s12,True,increase,increase,decrease,increase,23,50.0
invcue,17,s14,True,increase,decrease,increase,increase,23,50.0
invcue,17,s15,True,absent,increase,decrease,increase,23,50.0
invcue,18,s4,False,absent,increase,,increase,42,28.0
invcue,18,s7,False,absent,decrease,,decrease,42,28.0
invcue,18,s9,True,increase,decrease,increase,decrease,42,28.0
invcue,18,s11,True,decrease,increase,decrease,increase,42,28.0
invcue,18,s12,True,decrease,increase,decrease,decrease,42,28.0
invcue,18,s14,True,increase,decrease,increase,decrease,42,28.0
invcue,18,s15,True,absent,increase,decrease,increase,42,28.0
invcue,19,s4,False,absent,increase,,increase,42,87.0
invcue,19,s7,False,absent,decrease,,increase,42,87.0
invcue,19,s9,True,decrease,decrease,increase,decrease,42,87.0
invcue,19,s11,True,increase,increase,decrease,stable,42,87.0
invcue,19,s12,True,increase,increase,decrease,decrease,42,87.0
invcue,19,s14,True,decrease,decrease,increase,decrease,42,87.0
invcue,19,s15,True,unspecified,increase,decrease,increase,42,87.0
invcue,20,s4,False,absent,increase,,decrease,23,16.0
invcue,20,s7,False,absent,decrease,,decrease,23,16.0
invcue,20,s9,True,increase,decrease,increase,increase,23,16.0
invcue,20,s11,True,increase,increase,decrease,increase,23,16.0
invcue,20,s12,True,increase,increase,decrease,decrease,23,16.0
invcue,20,s14,True,increase,decrease,increase,decrease,23,16.0
invcue,20,s15,True,absent,increase,decrease,increase,23,16.0
invcue,21,s4,False,absent,increase,,stable,23,57.0
invcue,21,s7,False,absent,decrease,,decrease,23,57.0
invcue,21,s9,True,stable,decrease,increase,increase,23,57.0
invcue,21,s11,True,increase,increase,decrease,increase,23,57.0
invcue,21,s12,True,increase,increase,decrease,increase,23,57.0
invcue,21,s14,True,decrease,decrease,increase,increase,23,57.0
invcue,21,s15,True,absent,increase,decrease,increase,23,57.0
invcue,22,s4,False,absent,increase,,increase,23,111.0
invcue,22,s7,False,absent,decrease,,increase,23,111.0
invcue,22,s9,True,decrease,decrease,increase,increase,23,111.0
invcue,22,s11,True,increase,increase,decrease,increase,23,111.0
invcue,22,s12,True,increase,increase,decrease,stable,23,111.0
invcue,22,s14,True,decrease,decrease,increase,stable,23,111.0
invcue,22,s15,True,absent,increase,decrease,decrease,23,111.0
invcue,23,s4,False,absent,increase,,increase,42,113.0
invcue,23,s7,False,absent,decrease,,decrease,42,113.0
invcue,23,s9,True,stable,decrease,increase,increase,42,113.0
invcue,23,s11,True,increase,increase,decrease,stable,42,113.0
invcue,23,s12,True,increase,increase,decrease,decrease,42,113.0
invcue,23,s14,True,stable,decrease,increase,increase,42,113.0
invcue,23,s15,True,absent,increase,decrease,increase,42,113.0
invcue,24,s4,False,absent,increase,,increase,23,20.0
invcue,24,s7,False,absent,decrease,,decrease,23,20.0
invcue,24,s9,True,increase,decrease,increase,increase,23,20.0
invcue,24,s11,True,increase,increase,decrease,increase,23,20.0
invcue,24,s12,True,increase,increase,decrease,decrease,23,20.0
invcue,24,s14,True,increase,decrease,increase,increase,23,20.0
invcue,24,s15,True,absent,increase,decrease,increase,23,20.0
invcue,25,s4,False,absent,increase,,decrease,23,125.0
invcue,25,s7,False,absent,decrease,,stable,23,125.0
invcue,25,s9,True,increase,decrease,increase,increase,23,125.0
invcue,25,s11,True,decrease,increase,decrease,decrease,23,125.0
invcue,25,s12,True,decrease,increase,decrease,decrease,23,125.0
invcue,25,s14,True,increase,decrease,increase,increase,23,125.0
invcue,25,s15,True,decrease,increase,decrease,decrease,23,125.0
invcue,26,s4,False,absent,increase,,increase,23,119.0
invcue,26,s7,False,absent,decrease,,increase,23,119.0
invcue,26,s9,True,increase,decrease,increase,increase,23,119.0
invcue,26,s11,True,decrease,increase,decrease,increase,23,119.0
invcue,26,s12,True,stable,increase,decrease,decrease,23,119.0
invcue,26,s14,True,increase,decrease,increase,stable,23,119.0
invcue,26,s15,True,stable,increase,decrease,increase,23,119.0
invcue,27,s4,False,absent,increase,,increase,43,66.0
invcue,27,s7,False,absent,decrease,,decrease,43,66.0
invcue,27,s9,True,decrease,decrease,increase,increase,43,66.0
invcue,27,s11,True,increase,increase,decrease,decrease,43,66.0
invcue,27,s12,True,increase,increase,decrease,decrease,43,66.0
invcue,27,s14,True,decrease,decrease,increase,decrease,43,66.0
invcue,27,s15,True,increase,increase,decrease,increase,43,66.0
invcue,28,s4,False,absent,increase,,increase,23,97.0
invcue,28,s7,False,absent,decrease,,increase,23,97.0
invcue,28,s9,True,increase,decrease,increase,increase,23,97.0
invcue,28,s11,True,increase,increase,decrease,decrease,23,97.0
invcue,28,s12,True,increase,increase,decrease,decrease,23,97.0
invcue,28,s14,True,increase,decrease,increase,decrease,23,97.0
invcue,28,s15,True,absent,increase,decrease,decrease,23,97.0
invcue,29,s4,False,absent,increase,,stable,23,90.0
invcue,29,s7,False,absent,decrease,,decrease,23,90.0
invcue,29,s9,True,decrease,decrease,increase,increase,23,90.0
invcue,29,s11,True,increase,increase,decrease,stable,23,90.0
invcue,29,s12,True,increase,increase,decrease,decrease,23,90.0
invcue,29,s14,True,decrease,decrease,increase,stable,23,90.0
invcue,29,s15,True,unspecified,increase,decrease,decrease,23,90.0
invcue,30,s4,False,absent,increase,,decrease,23,115.0
invcue,30,s7,False,absent,decrease,,decrease,23,115.0
invcue,30,s9,True,increase,decrease,increase,increase,23,115.0
invcue,30,s11,True,increase,increase,decrease,decrease,23,115.0
invcue,30,s12,True,increase,increase,decrease,increase,23,115.0
invcue,30,s14,True,increase,decrease,increase,increase,23,115.0
invcue,30,s15,True,absent,increase,decrease,increase,23,115.0
invcue,31,s4,False,absent,increase,,increase,23,8.0
invcue,31,s7,False,absent,decrease,,decrease,23,8.0
invcue,31,s9,True,increase,decrease,increase,increase,23,8.0
invcue,31,s11,True,decrease,increase,decrease,decrease,23,8.0
invcue,31,s12,True,decrease,increase,decrease,decrease,23,8.0
invcue,31,s14,True,unspecified,decrease,increase,stable,23,8.0
invcue,31,s15,True,absent,increase,decrease,increase,23,8.0
invcue,32,s4,False,absent,increase,,increase,23,48.0
invcue,32,s7,False,absent,decrease,,decrease,23,48.0
invcue,32,s9,True,decrease,decrease,increase,increase,23,48.0
invcue,32,s11,True,increase,increase,decrease,increase,23,48.0
invcue,32,s12,True,increase,increase,decrease,increase,23,48.0
invcue,32,s14,True,decrease,decrease,increase,increase,23,48.0
invcue,32,s15,True,absent,increase,decrease,increase,23,48.0
invcue,33,s4,False,absent,increase,,increase,23,106.0
invcue,33,s7,False,absent,decrease,,decrease,23,106.0
invcue,33,s9,True,increase,decrease,increase,stable,23,106.0
invcue,33,s11,True,increase,increase,decrease,increase,23,106.0
invcue,33,s12,True,increase,increase,decrease,decrease,23,106.0
invcue,33,s14,True,increase,decrease,increase,decrease,23,106.0
invcue,33,s15,True,absent,increase,decrease,stable,23,106.0
invcue,34,s4,False,absent,increase,,increase,23,7.0
invcue,34,s7,False,absent,decrease,,decrease,23,7.0
invcue,34,s9,True,increase,decrease,increase,decrease,23,7.0
invcue,34,s11,True,increase,increase,decrease,increase,23,7.0
invcue,34,s12,True,increase,increase,decrease,decrease,23,7.0
invcue,34,s14,True,increase,decrease,increase,decrease,23,7.0
invcue,34,s15,True,absent,increase,decrease,increase,23,7.0
invcue,35,s4,False,absent,increase,,increase,23,11.0
invcue,35,s7,False,absent,decrease,,decrease,23,11.0
invcue,35,s9,True,absent,decrease,increase,increase,23,11.0
invcue,35,s11,True,decrease,increase,decrease,increase,23,11.0
invcue,35,s12,True,decrease,increase,decrease,decrease,23,11.0
invcue,35,s14,True,absent,decrease,increase,increase,23,11.0
invcue,35,s15,True,decrease,increase,decrease,increase,23,11.0
invcue,36,s4,False,absent,increase,,increase,23,19.0
invcue,36,s7,False,absent,decrease,,decrease,23,19.0
invcue,36,s9,True,increase,decrease,increase,decrease,23,19.0
invcue,36,s11,True,increase,increase,decrease,increase,23,19.0
invcue,36,s12,True,increase,increase,decrease,decrease,23,19.0
invcue,36,s14,True,increase,decrease,increase,decrease,23,19.0
invcue,36,s15,True,absent,increase,decrease,increase,23,19.0
invcue,37,s4,False,absent,increase,,increase,23,21.0
invcue,37,s7,False,absent,decrease,,decrease,23,21.0
invcue,37,s9,True,increase,decrease,increase,decrease,23,21.0
invcue,37,s11,True,increase,increase,decrease,increase,23,21.0
invcue,37,s12,True,increase,increase,decrease,decrease,23,21.0
invcue,37,s14,True,increase,decrease,increase,decrease,23,21.0
invcue,37,s15,True,absent,increase,decrease,increase,23,21.0
invcue,38,s4,False,absent,increase,,decrease,23,50.0
invcue,38,s7,False,absent,decrease,,increase,23,50.0
invcue,38,s9,True,increase,decrease,increase,increase,23,50.0
invcue,38,s11,True,increase,increase,decrease,increase,23,50.0
invcue,38,s12,True,increase,increase,decrease,decrease,23,50.0
invcue,38,s14,True,increase,decrease,increase,increase,23,50.0
invcue,38,s15,True,absent,increase,decrease,increase,23,50.0
invcue,39,s4,False,absent,increase,,increase,23,125.0
invcue,39,s7,False,absent,decrease,,increase,23,125.0
invcue,39,s9,True,increase,decrease,increase,increase,23,125.0
invcue,39,s11,True,decrease,increase,decrease,decrease,23,125.0
invcue,39,s12,True,decrease,increase,decrease,increase,23,125.0
invcue,39,s14,True,unspecified,decrease,increase,increase,23,125.0
invcue,39,s15,True,decrease,increase,decrease,decrease,23,125.0
invcue,40,s4,False,absent,increase,,increase,23,28.0
invcue,40,s7,False,absent,decrease,,decrease,23,28.0
invcue,40,s9,True,absent,decrease,increase,increase,23,28.0
invcue,40,s11,True,increase,increase,decrease,increase,23,28.0
invcue,40,s12,True,increase,increase,decrease,decrease,23,28.0
invcue,40,s14,True,absent,decrease,increase,increase,23,28.0
invcue,40,s15,True,absent,increase,decrease,decrease,23,28.0
invcue,41,s4,False,absent,increase,,increase,23,18.0
invcue,41,s7,False,absent,decrease,,decrease,23,18.0
invcue,41,s9,True,increase,decrease,increase,decrease,23,18.0
invcue,41,s11,True,decrease,increase,decrease,increase,23,18.0
invcue,41,s12,True,decrease,increase,decrease,decrease,23,18.0
invcue,41,s14,True,increase,decrease,increase,decrease,23,18.0
invcue,41,s15,True,absent,increase,decrease,increase,23,18.0
invcue,42,s4,False,absent,increase,,increase,23,10.0
invcue,42,s7,False,absent,decrease,,decrease,23,10.0
invcue,42,s9,True,increase,decrease,increase,decrease,23,10.0
invcue,42,s11,True,increase,increase,decrease,increase,23,10.0
invcue,42,s12,True,increase,increase,decrease,decrease,23,10.0
invcue,42,s14,True,increase,decrease,increase,decrease,23,10.0
invcue,42,s15,True,absent,increase,decrease,increase,23,10.0
invcue,43,s4,False,absent,increase,,increase,23,59.0
invcue,43,s7,False,absent,decrease,,decrease,23,59.0
invcue,43,s9,True,decrease,decrease,increase,decrease,23,59.0
invcue,43,s11,True,increase,increase,decrease,increase,23,59.0
invcue,43,s12,True,increase,increase,decrease,decrease,23,59.0
invcue,43,s14,True,decrease,decrease,increase,stable,23,59.0
invcue,43,s15,True,increase,increase,decrease,increase,23,59.0
invcue,44,s4,False,absent,increase,,increase,23,109.0
invcue,44,s7,False,absent,decrease,,decrease,23,109.0
invcue,44,s9,True,increase,decrease,increase,increase,23,109.0
invcue,44,s11,True,increase,increase,decrease,increase,23,109.0
invcue,44,s12,True,increase,increase,decrease,increase,23,109.0
invcue,44,s14,True,increase,decrease,increase,decrease,23,109.0
invcue,44,s15,True,absent,increase,decrease,increase,23,109.0
invcue,45,s4,False,absent,increase,,increase,23,114.0
invcue,45,s7,False,absent,decrease,,increase,23,114.0
invcue,45,s9,True,increase,decrease,increase,increase,23,114.0
invcue,45,s11,True,increase,increase,decrease,increase,23,114.0
invcue,45,s12,True,increase,increase,decrease,decrease,23,114.0
invcue,45,s14,True,increase,decrease,increase,stable,23,114.0
invcue,45,s15,True,absent,increase,decrease,increase,23,114.0
invcue,46,s4,False,absent,increase,,increase,23,47.0
invcue,46,s7,False,absent,decrease,,increase,23,47.0
invcue,46,s9,True,absent,decrease,increase,increase,23,47.0
invcue,46,s11,True,increase,increase,decrease,increase,23,47.0
invcue,46,s12,True,increase,increase,decrease,decrease,23,47.0
invcue,46,s14,True,absent,decrease,increase,stable,23,47.0
invcue,46,s15,True,absent,increase,decrease,increase,23,47.0
invcue,47,s4,False,absent,increase,,decrease,23,125.0
invcue,47,s7,False,absent,decrease,,increase,23,125.0
invcue,47,s9,True,absent,decrease,increase,increase,23,125.0
invcue,47,s11,True,increase,increase,decrease,decrease,23,125.0
invcue,47,s12,True,increase,increase,decrease,increase,23,125.0
invcue,47,s14,True,increase,decrease,increase,increase,23,125.0
invcue,47,s15,True,absent,increase,decrease,increase,23,125.0
invcue,48,s4,False,absent,increase,,decrease,23,92.0
invcue,48,s7,False,absent,decrease,,increase,23,92.0
invcue,48,s9,True,unspecified,decrease,increase,stable,23,92.0
invcue,48,s11,True,increase,increase,decrease,increase,23,92.0
invcue,48,s12,True,increase,increase,decrease,increase,23,92.0
invcue,48,s14,True,increase,decrease,increase,stable,23,92.0
invcue,48,s15,True,increase,increase,decrease,increase,23,92.0
invcue,49,s4,False,absent,increase,,increase,23,21.0
invcue,49,s7,False,absent,decrease,,decrease,23,21.0
invcue,49,s9,True,increase,decrease,increase,decrease,23,21.0
invcue,49,s11,True,increase,increase,decrease,increase,23,21.0
invcue,49,s12,True,increase,increase,decrease,decrease,23,21.0
invcue,49,s14,True,increase,decrease,increase,stable,23,21.0
invcue,49,s15,True,absent,increase,decrease,increase,23,21.0
invcue,50,s4,False,absent,increase,,decrease,23,79.0
invcue,50,s7,False,absent,decrease,,decrease,23,79.0
invcue,50,s9,True,increase,decrease,increase,increase,23,79.0
invcue,50,s11,True,increase,increase,decrease,increase,23,79.0
invcue,50,s12,True,increase,increase,decrease,increase,23,79.0
invcue,50,s14,True,increase,decrease,increase,stable,23,79.0
invcue,50,s15,True,absent,increase,decrease,increase,23,79.0
invcue,51,s4,False,absent,increase,,increase,23,114.0
invcue,51,s7,False,absent,decrease,,decrease,23,114.0
invcue,51,s9,True,absent,decrease,increase,increase,23,114.0
invcue,51,s11,True,increase,increase,decrease,decrease,23,114.0
invcue,51,s12,True,increase,increase,decrease,increase,23,114.0
invcue,51,s14,True,decrease,decrease,increase,stable,23,114.0
invcue,51,s15,True,absent,increase,decrease,increase,23,114.0
invcue,52,s4,False,absent,increase,,increase,23,29.0
invcue,52,s7,False,absent,decrease,,decrease,23,29.0
invcue,52,s9,True,increase,decrease,increase,increase,23,29.0
invcue,52,s11,True,decrease,increase,decrease,increase,23,29.0
invcue,52,s12,True,decrease,increase,decrease,decrease,23,29.0
invcue,52,s14,True,increase,decrease,increase,increase,23,29.0
invcue,52,s15,True,absent,increase,decrease,increase,23,29.0
invcue,53,s4,False,absent,increase,,increase,23,26.0
invcue,53,s7,False,absent,decrease,,decrease,23,26.0
invcue,53,s9,True,increase,decrease,increase,increase,23,26.0
invcue,53,s11,True,increase,increase,decrease,increase,23,26.0
invcue,53,s12,True,increase,increase,decrease,decrease,23,26.0
invcue,53,s14,True,increase,decrease,increase,increase,23,26.0
invcue,53,s15,True,absent,increase,decrease,increase,23,26.0
invcue,54,s4,False,absent,increase,,decrease,20,97.0
invcue,54,s7,False,absent,decrease,,decrease,20,97.0
invcue,54,s9,True,absent,decrease,increase,increase,20,97.0
invcue,54,s11,True,increase,increase,decrease,increase,20,97.0
invcue,54,s12,True,increase,increase,decrease,increase,20,97.0
invcue,54,s14,True,decrease,decrease,increase,increase,20,97.0
invcue,54,s15,True,absent,increase,decrease,increase,20,97.0
invcue,55,s4,False,absent,increase,,decrease,23,125.0
invcue,55,s7,False,absent,decrease,,decrease,23,125.0
invcue,55,s9,True,increase,decrease,increase,stable,23,125.0
invcue,55,s11,True,stable,increase,decrease,increase,23,125.0
invcue,55,s12,True,stable,increase,decrease,increase,23,125.0
invcue,55,s14,True,increase,decrease,increase,decrease,23,125.0
invcue,55,s15,True,stable,increase,decrease,increase,23,125.0
invcue,56,s4,False,absent,increase,,stable,23,15.0
invcue,56,s7,False,absent,decrease,,stable,23,15.0
invcue,56,s9,True,absent,decrease,increase,decrease,23,15.0
invcue,56,s11,True,decrease,increase,decrease,increase,23,15.0
invcue,56,s12,True,decrease,increase,decrease,decrease,23,15.0
invcue,56,s14,True,absent,decrease,increase,decrease,23,15.0
invcue,56,s15,True,absent,increase,decrease,increase,23,15.0
invcue,57,s4,False,absent,increase,,increase,23,103.0
invcue,57,s7,False,absent,decrease,,decrease,23,103.0
invcue,57,s9,True,increase,decrease,increase,decrease,23,103.0
invcue,57,s11,True,increase,increase,decrease,decrease,23,103.0
invcue,57,s12,True,increase,increase,decrease,increase,23,103.0
invcue,57,s14,True,absent,decrease,increase,decrease,23,103.0
invcue,57,s15,True,absent,increase,decrease,increase,23,103.0
invcue,58,s4,False,absent,increase,,increase,23,37.0
invcue,58,s7,False,absent,decrease,,decrease,23,37.0
invcue,58,s9,True,increase,decrease,increase,stable,23,37.0
invcue,58,s11,True,increase,increase,decrease,increase,23,37.0
invcue,58,s12,True,increase,increase,decrease,decrease,23,37.0
invcue,58,s14,True,increase,decrease,increase,decrease,23,37.0
invcue,58,s15,True,absent,increase,decrease,increase,23,37.0
invcue,59,s4,False,absent,increase,,increase,42,114.0
invcue,59,s7,False,absent,decrease,,decrease,42,114.0
invcue,59,s9,True,decrease,decrease,increase,increase,42,114.0
invcue,59,s11,True,increase,increase,decrease,decrease,42,114.0
invcue,59,s12,True,increase,increase,decrease,decrease,42,114.0
invcue,59,s14,True,decrease,decrease,increase,stable,42,114.0
invcue,59,s15,True,absent,increase,decrease,decrease,42,114.0
invcue,60,s4,False,absent,increase,,decrease,42,100.0
invcue,60,s7,False,absent,decrease,,decrease,42,100.0
invcue,60,s9,True,decrease,decrease,increase,decrease,42,100.0
invcue,60,s11,True,increase,increase,decrease,increase,42,100.0
invcue,60,s12,True,increase,increase,decrease,decrease,42,100.0
invcue,60,s14,True,decrease,decrease,increase,stable,42,100.0
invcue,60,s15,True,increase,increase,decrease,increase,42,100.0
invcue,61,s4,False,absent,increase,,increase,23,21.0
invcue,61,s7,False,absent,decrease,,decrease,23,21.0
invcue,61,s9,True,absent,decrease,increase,decrease,23,21.0
invcue,61,s11,True,increase,increase,decrease,increase,23,21.0
invcue,61,s12,True,increase,increase,decrease,decrease,23,21.0
invcue,61,s14,True,stable,decrease,increase,increase,23,21.0
invcue,61,s15,True,absent,increase,decrease,increase,23,21.0
invcue,62,s4,False,absent,increase,,increase,23,54.0
invcue,62,s7,False,absent,decrease,,stable,23,54.0
invcue,62,s9,True,stable,decrease,increase,increase,23,54.0
invcue,62,s11,True,increase,increase,decrease,increase,23,54.0
invcue,62,s12,True,increase,increase,decrease,decrease,23,54.0
invcue,62,s14,True,stable,decrease,increase,increase,23,54.0
invcue,62,s15,True,absent,increase,decrease,increase,23,54.0
invcue,63,s4,False,absent,increase,,increase,23,72.0
invcue,63,s7,False,absent,decrease,,decrease,23,72.0
invcue,63,s9,True,increase,decrease,increase,increase,23,72.0
invcue,63,s11,True,increase,increase,decrease,increase,23,72.0
invcue,63,s12,True,increase,increase,decrease,increase,23,72.0
invcue,63,s14,True,increase,decrease,increase,increase,23,72.0
invcue,63,s15,True,absent,increase,decrease,increase,23,72.0
invcue,64,s4,False,absent,increase,,increase,23,28.0
invcue,64,s7,False,absent,decrease,,decrease,23,28.0
invcue,64,s9,True,increase,decrease,increase,decrease,23,28.0
invcue,64,s11,True,decrease,increase,decrease,increase,23,28.0
invcue,64,s12,True,unspecified,increase,decrease,decrease,23,28.0
invcue,64,s14,True,increase,decrease,increase,decrease,23,28.0
invcue,64,s15,True,absent,increase,decrease,increase,23,28.0
invcue,65,s4,False,absent,increase,,increase,43,125.0
invcue,65,s7,False,absent,decrease,,decrease,43,125.0
invcue,65,s9,True,stable,decrease,increase,stable,43,125.0
invcue,65,s11,True,increase,increase,decrease,decrease,43,125.0
invcue,65,s12,True,increase,increase,decrease,increase,43,125.0
invcue,65,s14,True,stable,decrease,increase,increase,43,125.0
invcue,65,s15,True,absent,increase,decrease,increase,43,125.0
invcue,66,s4,False,absent,increase,,increase,23,14.0
invcue,66,s7,False,absent,decrease,,decrease,23,14.0
invcue,66,s9,True,stable,decrease,increase,increase,23,14.0
invcue,66,s11,True,increase,increase,decrease,increase,23,14.0
invcue,66,s12,True,increase,increase,decrease,stable,23,14.0
invcue,66,s14,True,stable,decrease,increase,increase,23,14.0
invcue,66,s15,True,absent,increase,decrease,increase,23,14.0
invcue,67,s4,False,absent,increase,,increase,23,77.0
invcue,67,s7,False,absent,decrease,,increase,23,77.0
invcue,67,s9,True,stable,decrease,increase,decrease,23,77.0
invcue,67,s11,True,increase,increase,decrease,decrease,23,77.0
invcue,67,s12,True,increase,increase,decrease,decrease,23,77.0
invcue,67,s14,True,stable,decrease,increase,stable,23,77.0
invcue,67,s15,True,absent,increase,decrease,decrease,23,77.0
invcue,68,s4,False,absent,increase,,increase,23,8.0
invcue,68,s7,False,absent,decrease,,decrease,23,8.0
invcue,68,s9,True,increase,decrease,increase,increase,23,8.0
invcue,68,s11,True,increase,increase,decrease,increase,23,8.0
invcue,68,s12,True,increase,increase,decrease,decrease,23,8.0
invcue,68,s14,True,increase,decrease,increase,increase,23,8.0
invcue,68,s15,True,absent,increase,decrease,increase,23,8.0
invcue,69,s4,False,absent,increase,,increase,42,121.0
invcue,69,s7,False,absent,decrease,,increase,42,121.0
invcue,69,s9,True,decrease,decrease,increase,stable,42,121.0
invcue,69,s11,True,increase,increase,decrease,decrease,42,121.0
invcue,69,s12,True,increase,increase,decrease,decrease,42,121.0
invcue,69,s14,True,decrease,decrease,increase,increase,42,121.0
invcue,69,s15,True,increase,increase,decrease,decrease,42,121.0
invcue,70,s4,False,absent,increase,,decrease,23,94.0
invcue,70,s7,False,absent,decrease,,stable,23,94.0
invcue,70,s9,True,decrease,decrease,increase,stable,23,94.0
invcue,70,s11,True,increase,increase,decrease,increase,23,94.0
invcue,70,s12,True,increase,increase,decrease,increase,23,94.0
invcue,70,s14,True,decrease,decrease,increase,stable,23,94.0
invcue,70,s15,True,absent,increase,decrease,decrease,23,94.0
invcue,71,s4,False,absent,increase,,increase,23,118.0
invcue,71,s7,False,absent,decrease,,decrease,23,118.0
invcue,71,s9,True,stable,decrease,increase,increase,23,118.0
invcue,71,s11,True,increase,increase,decrease,increase,23,118.0
invcue,71,s12,True,increase,increase,decrease,increase,23,118.0
invcue,71,s14,True,stable,decrease,increase,decrease,23,118.0
invcue,71,s15,True,absent,increase,decrease,increase,23,118.0
invcue,72,s4,False,absent,increase,,increase,23,50.0
invcue,72,s7,False,absent,decrease,,decrease,23,50.0
invcue,72,s9,True,increase,decrease,increase,stable,23,50.0
invcue,72,s11,True,increase,increase,decrease,increase,23,50.0
invcue,72,s12,True,increase,increase,decrease,decrease,23,50.0
invcue,72,s14,True,increase,decrease,increase,increase,23,50.0
invcue,72,s15,True,absent,increase,decrease,increase,23,50.0
invcue,73,s4,False,absent,increase,,decrease,42,125.0
invcue,73,s7,False,absent,decrease,,increase,42,125.0
invcue,73,s9,True,decrease,decrease,increase,decrease,42,125.0
invcue,73,s11,True,increase,increase,decrease,decrease,42,125.0
invcue,73,s12,True,increase,increase,decrease,decrease,42,125.0
invcue,73,s14,True,decrease,decrease,increase,decrease,42,125.0
invcue,73,s15,True,absent,increase,decrease,increase,42,125.0
invcue,74,s4,False,absent,increase,,increase,23,125.0
invcue,74,s7,False,absent,decrease,,decrease,23,125.0
invcue,74,s9,True,increase,decrease,increase,increase,23,125.0
invcue,74,s11,True,increase,increase,decrease,increase,23,125.0
invcue,74,s12,True,increase,increase,decrease,decrease,23,125.0
invcue,74,s14,True,increase,decrease,increase,decrease,23,125.0
invcue,74,s15,True,absent,increase,decrease,decrease,23,125.0
invcue,75,s4,False,absent,increase,,increase,23,113.0
invcue,75,s7,False,absent,decrease,,increase,23,113.0
invcue,75,s9,True,increase,decrease,increase,decrease,23,113.0
invcue,75,s11,True,increase,increase,decrease,increase,23,113.0
invcue,75,s12,True,increase,increase,decrease,decrease,23,113.0
invcue,75,s14,True,increase,decrease,increase,decrease,23,113.0
invcue,75,s15,True,absent,increase,decrease,increase,23,113.0
invcue,76,s4,False,absent,increase,,increase,23,10.0
invcue,76,s7,False,absent,decrease,,decrease,23,10.0
invcue,76,s9,True,increase,decrease,increase,increase,23,10.0
invcue,76,s11,True,increase,increase,decrease,increase,23,10.0
invcue,76,s12,True,increase,increase,decrease,decrease,23,10.0
invcue,76,s14,True,increase,decrease,increase,increase,23,10.0
invcue,76,s15,True,absent,increase,decrease,increase,23,10.0
invcue,77,s4,False,absent,increase,,increase,42,34.0
invcue,77,s7,False,absent,decrease,,decrease,42,34.0
invcue,77,s9,True,decrease,decrease,increase,increase,42,34.0
invcue,77,s11,True,increase,increase,decrease,increase,42,34.0
invcue,77,s12,True,increase,increase,decrease,decrease,42,34.0
invcue,77,s14,True,decrease,decrease,increase,increase,42,34.0
invcue,77,s15,True,unspecified,increase,decrease,decrease,42,34.0
invcue,78,s4,False,absent,increase,,decrease,23,107.0
invcue,78,s7,False,absent,decrease,,increase,23,107.0
invcue,78,s9,True,decrease,decrease,increase,increase,23,107.0
invcue,78,s11,True,increase,increase,decrease,stable,23,107.0
invcue,78,s12,True,increase,increase,decrease,increase,23,107.0
invcue,78,s14,True,decrease,decrease,increase,increase,23,107.0
invcue,78,s15,True,absent,increase,decrease,decrease,23,107.0
invcue,79,s4,False,absent,increase,,decrease,23,63.0
invcue,79,s7,False,absent,decrease,,decrease,23,63.0
invcue,79,s9,True,increase,decrease,increase,decrease,23,63.0
invcue,79,s11,True,stable,increase,decrease,increase,23,63.0
invcue,79,s12,True,stable,increase,decrease,stable,23,63.0
invcue,79,s14,True,increase,decrease,increase,decrease,23,63.0
invcue,79,s15,True,unspecified,increase,decrease,increase,23,63.0
invcue,80,s4,False,absent,increase,,increase,23,90.0
invcue,80,s7,False,absent,decrease,,decrease,23,90.0
invcue,80,s9,True,decrease,decrease,increase,stable,23,90.0
invcue,80,s11,True,increase,increase,decrease,increase,23,90.0
invcue,80,s12,True,increase,increase,decrease,decrease,23,90.0
invcue,80,s14,True,decrease,decrease,increase,decrease,23,90.0
invcue,80,s15,True,absent,increase,decrease,increase,23,90.0
invcue,81,s4,False,absent,increase,,increase,23,8.0
invcue,81,s7,False,absent,decrease,,decrease,23,8.0
invcue,81,s9,True,absent,decrease,increase,increase,23,8.0
invcue,81,s11,True,increase,increase,decrease,increase,23,8.0
invcue,81,s12,True,increase,increase,decrease,decrease,23,8.0
invcue,81,s14,True,absent,decrease,increase,increase,23,8.0
invcue,81,s15,True,absent,increase,decrease,increase,23,8.0
invcue,82,s4,False,absent,increase,,increase,23,9.0
invcue,82,s7,False,absent,decrease,,decrease,23,9.0
invcue,82,s9,True,increase,decrease,increase,increase,23,9.0
invcue,82,s11,True,increase,increase,decrease,increase,23,9.0
invcue,82,s12,True,increase,increase,decrease,decrease,23,9.0
invcue,82,s14,True,increase,decrease,increase,decrease,23,9.0
invcue,82,s15,True,absent,increase,decrease,increase,23,9.0
invcue,83,s4,False,absent,increase,,stable,23,125.0
invcue,83,s7,False,absent,decrease,,decrease,23,125.0
invcue,83,s9,True,increase,decrease,increase,decrease,23,125.0
invcue,83,s11,True,decrease,increase,decrease,decrease,23,125.0
invcue,83,s12,True,decrease,increase,decrease,decrease,23,125.0
invcue,83,s14,True,increase,decrease,increase,increase,23,125.0
invcue,83,s15,True,decrease,increase,decrease,increase,23,125.0
invcue,84,s4,False,absent,increase,,increase,23,58.0
invcue,84,s7,False,absent,decrease,,decrease,23,58.0
invcue,84,s9,True,decrease,decrease,increase,stable,23,58.0
invcue,84,s11,True,increase,increase,decrease,decrease,23,58.0
invcue,84,s12,True,increase,increase,decrease,increase,23,58.0
invcue,84,s14,True,decrease,decrease,increase,decrease,23,58.0
invcue,84,s15,True,absent,increase,decrease,decrease,23,58.0
invcue,85,s4,False,absent,increase,,increase,23,118.0
invcue,85,s7,False,absent,decrease,,increase,23,118.0
invcue,85,s9,True,decrease,decrease,increase,decrease,23,118.0
invcue,85,s11,True,increase,increase,decrease,increase,23,118.0
invcue,85,s12,True,increase,increase,decrease,increase,23,118.0
invcue,85,s14,True,decrease,decrease,increase,stable,23,118.0
invcue,85,s15,True,absent,increase,decrease,decrease,23,118.0
invcue,86,s4,False,absent,increase,,decrease,23,89.0
invcue,86,s7,False,absent,decrease,,stable,23,89.0
invcue,86,s9,True,decrease,decrease,increase,increase,23,89.0
invcue,86,s11,True,increase,increase,decrease,increase,23,89.0
invcue,86,s12,True,increase,increase,decrease,decrease,23,89.0
invcue,86,s14,True,decrease,decrease,increase,increase,23,89.0
invcue,86,s15,True,absent,increase,decrease,increase,23,89.0
invcue,87,s4,False,absent,increase,,decrease,42,116.0
invcue,87,s7,False,absent,decrease,,decrease,42,116.0
invcue,87,s9,True,increase,decrease,increase,decrease,42,116.0
invcue,87,s11,True,increase,increase,decrease,decrease,42,116.0
invcue,87,s12,True,increase,increase,decrease,increase,42,116.0
invcue,87,s14,True,increase,decrease,increase,stable,42,116.0
invcue,87,s15,True,increase,increase,decrease,increase,42,116.0
invcue,88,s4,False,absent,increase,,decrease,23,115.0
invcue,88,s7,False,absent,decrease,,increase,23,115.0
invcue,88,s9,True,increase,decrease,increase,increase,23,115.0
invcue,88,s11,True,increase,increase,decrease,decrease,23,115.0
invcue,88,s12,True,increase,increase,decrease,increase,23,115.0
invcue,88,s14,True,increase,decrease,increase,increase,23,115.0
invcue,88,s15,True,absent,increase,decrease,decrease,23,115.0
invcue,89,s4,False,absent,increase,,increase,23,125.0
invcue,89,s7,False,absent,decrease,,stable,23,125.0
invcue,89,s9,True,increase,decrease,increase,increase,23,125.0
invcue,89,s11,True,decrease,increase,decrease,decrease,23,125.0
invcue,89,s12,True,decrease,increase,decrease,decrease,23,125.0
invcue,89,s14,True,increase,decrease,increase,stable,23,125.0
invcue,89,s15,True,absent,increase,decrease,increase,23,125.0
invcue,90,s4,False,absent,increase,,increase,23,28.0
invcue,90,s7,False,absent,decrease,,decrease,23,28.0
invcue,90,s9,True,increase,decrease,increase,increase,23,28.0
invcue,90,s11,True,increase,increase,decrease,increase,23,28.0
invcue,90,s12,True,increase,increase,decrease,increase,23,28.0
invcue,90,s14,True,increase,decrease,increase,increase,23,28.0
invcue,90,s15,True,absent,increase,decrease,increase,23,28.0
invcue,91,s4,False,absent,increase,,increase,23,38.0
invcue,91,s7,False,absent,decrease,,decrease,23,38.0
invcue,91,s9,True,increase,decrease,increase,increase,23,38.0
invcue,91,s11,True,increase,increase,decrease,increase,23,38.0
invcue,91,s12,True,increase,increase,decrease,increase,23,38.0
invcue,91,s14,True,increase,decrease,increase,stable,23,38.0
invcue,91,s15,True,absent,increase,decrease,increase,23,38.0
invcue,92,s4,False,absent,increase,,decrease,23,20.0
invcue,92,s7,False,absent,decrease,,decrease,23,20.0
invcue,92,s9,True,absent,decrease,increase,increase,23,20.0
invcue,92,s11,True,decrease,increase,decrease,increase,23,20.0
invcue,92,s12,True,decrease,increase,decrease,decrease,23,20.0
invcue,92,s14,True,absent,decrease,increase,increase,23,20.0
invcue,92,s15,True,absent,increase,decrease,stable,23,20.0
invcue,93,s4,False,absent,increase,,stable,23,85.0
invcue,93,s7,False,absent,decrease,,increase,23,85.0
invcue,93,s9,True,unspecified,decrease,increase,increase,23,85.0
invcue,93,s11,True,decrease,increase,decrease,decrease,23,85.0
invcue,93,s12,True,decrease,increase,decrease,increase,23,85.0
invcue,93,s14,True,stable,decrease,increase,increase,23,85.0
invcue,93,s15,True,absent,increase,decrease,increase,23,85.0
invcue,94,s4,False,absent,increase,,increase,42,55.0
invcue,94,s7,False,absent,decrease,,stable,42,55.0
invcue,94,s9,True,increase,decrease,increase,decrease,42,55.0
invcue,94,s11,True,increase,increase,decrease,increase,42,55.0
invcue,94,s12,True,increase,increase,decrease,decrease,42,55.0
invcue,94,s14,True,absent,decrease,increase,stable,42,55.0
invcue,94,s15,True,absent,increase,decrease,increase,42,55.0
invcue,95,s4,False,absent,increase,,decrease,42,125.0
invcue,95,s7,False,absent,decrease,,decrease,42,125.0
invcue,95,s9,True,decrease,decrease,increase,stable,42,125.0
invcue,95,s11,True,increase,increase,decrease,increase,42,125.0
invcue,95,s12,True,increase,increase,decrease,stable,42,125.0
invcue,95,s14,True,decrease,decrease,increase,increase,42,125.0
invcue,95,s15,True,increase,increase,decrease,increase,42,125.0
invcue,96,s4,False,absent,increase,,increase,45,125.0
invcue,96,s7,False,absent,decrease,,decrease,45,125.0
invcue,96,s9,True,decrease,decrease,increase,decrease,45,125.0
invcue,96,s11,True,increase,increase,decrease,increase,45,125.0
invcue,96,s12,True,increase,increase,decrease,increase,45,125.0
invcue,96,s14,True,decrease,decrease,increase,stable,45,125.0
invcue,96,s15,True,absent,increase,decrease,increase,45,125.0
invcue,97,s4,False,absent,increase,,increase,23,82.0
invcue,97,s7,False,absent,decrease,,decrease,23,82.0
invcue,97,s9,True,stable,decrease,increase,increase,23,82.0
invcue,97,s11,True,increase,increase,decrease,increase,23,82.0
invcue,97,s12,True,increase,increase,decrease,decrease,23,82.0
invcue,97,s14,True,stable,decrease,increase,increase,23,82.0
invcue,97,s15,True,absent,increase,decrease,increase,23,82.0
invcue,98,s4,False,absent,increase,,increase,23,59.0
invcue,98,s7,False,absent,decrease,,increase,23,59.0
invcue,98,s9,True,increase,decrease,increase,increase,23,59.0
invcue,98,s11,True,increase,increase,decrease,increase,23,59.0
invcue,98,s12,True,increase,increase,decrease,increase,23,59.0
invcue,98,s14,True,absent,decrease,increase,increase,23,59.0
invcue,98,s15,True,absent,increase,decrease,increase,23,59.0
invcue,99,s4,False,absent,increase,,increase,42,117.0
invcue,99,s7,False,absent,decrease,,increase,42,117.0
invcue,99,s9,True,stable,decrease,increase,increase,42,117.0
invcue,99,s11,True,increase,increase,decrease,increase,42,117.0
invcue,99,s12,True,increase,increase,decrease,decrease,42,117.0
invcue,99,s14,True,stable,decrease,increase,increase,42,117.0
invcue,99,s15,True,absent,increase,decrease,decrease,42,117.0
invcue,100,s4,False,absent,increase,,increase,23,20.0
invcue,100,s7,False,absent,decrease,,decrease,23,20.0
invcue,100,s9,True,decrease,decrease,increase,increase,23,20.0
invcue,100,s11,True,increase,increase,decrease,increase,23,20.0
invcue,100,s12,True,increase,increase,decrease,decrease,23,20.0
invcue,100,s14,True,decrease,decrease,increase,increase,23,20.0
invcue,100,s15,True,increase,increase,decrease,increase,23,20.0
revdata,1,s4,False,absent,increase,,decrease,43,112.0
revdata,1,s7,False,absent,decrease,,increase,43,112.0
revdata,1,s9,True,decrease,decrease,decrease,stable,43,112.0
revdata,1,s11,True,increase,increase,increase,increase,43,112.0
revdata,1,s12,True,unspecified,increase,increase,increase,43,112.0
revdata,1,s14,True,decrease,decrease,decrease,increase,43,112.0
revdata,1,s15,True,absent,increase,increase,decrease,43,112.0
revdata,2,s4,False,absent,increase,,decrease,23,98.0
revdata,2,s7,False,absent,decrease,,stable,23,98.0
revdata,2,s9,True,decrease,decrease,decrease,increase,23,98.0
revdata,2,s11,True,increase,increase,increase,decrease,23,98.0
revdata,2,s12,True,unspecified,increase,increase,decrease,23,98.0
revdata,2,s14,True,decrease,decrease,decrease,increase,23,98.0
revdata,2,s15,True,absent,increase,increase,increase,23,98.0
revdata,3,s4,False,absent,increase,,decrease,42,69.0
revdata,3,s7,False,absent,decrease,,increase,42,69.0
revdata,3,s9,True,decrease,decrease,decrease,stable,42,69.0
revdata,3,s11,True,increase,increase,increase,decrease,42,69.0
revdata,3,s12,True,unspecified,increase,increase,increase,42,69.0
revdata,3,s14,True,decrease,decrease,decrease,decrease,42,69.0
revdata,3,s15,True,unspecified,increase,increase,increase,42,69.0
revdata,4,s4,False,absent,increase,,increase,23,82.0
revdata,4,s7,False,absent,decrease,,increase,23,82.0
revdata,4,s9,True,decrease,decrease,decrease,stable,23,82.0
revdata,4,s11,True,increase,increase,increase,decrease,23,82.0
revdata,4,s12,True,unspecified,increase,increase,decrease,23,82.0
revdata,4,s14,True,decrease,decrease,decrease,increase,23,82.0
revdata,4,s15,True,absent,increase,increase,decrease,23,82.0
revdata,5,s4,False,absent,increase,,decrease,23,91.0
revdata,5,s7,False,absent,decrease,,decrease,23,91.0
revdata,5,s9,True,decrease,decrease,decrease,decrease,23,91.0
revdata,5,s11,True,increase,increase,increase,increase,23,91.0
revdata,5,s12,True,unspecified,increase,increase,increase,23,91.0
revdata,5,s14,True,decrease,decrease,decrease,stable,23,91.0
revdata,5,s15,True,absent,increase,increase,increase,23,91.0
revdata,6,s4,False,absent,increase,,increase,23,93.0
revdata,6,s7,False,absent,decrease,,decrease,23,93.0
revdata,6,s9,True,decrease,decrease,decrease,decrease,23,93.0
revdata,6,s11,True,increase,increase,increase,decrease,23,93.0
revdata,6,s12,True,unspecified,increase,increase,decrease,23,93.0
revdata,6,s14,True,decrease,decrease,decrease,decrease,23,93.0
revdata,6,s15,True,absent,increase,increase,increase,23,93.0
revdata,7,s4,False,absent,increase,,decrease,42,91.0
revdata,7,s7,False,absent,decrease,,increase,42,91.0
revdata,7,s9,True,decrease,decrease,decrease,decrease,42,91.0
revdata,7,s11,True,increase,increase,increase,decrease,42,91.0
revdata,7,s12,True,unspecified,increase,increase,decrease,42,91.0
revdata,7,s14,True,unspecified,decrease,decrease,decrease,42,91.0
revdata,7,s15,True,absent,increase,increase,increase,42,91.0
revdata,8,s4,False,absent,increase,,decrease,23,95.0
revdata,8,s7,False,absent,decrease,,decrease,23,95.0
revdata,8,s9,True,absent,decrease,decrease,stable,23,95.0
revdata,8,s11,True,increase,increase,increase,increase,23,95.0
revdata,8,s12,True,unspecified,increase,increase,increase,23,95.0
revdata,8,s14,True,decrease,decrease,decrease,stable,23,95.0
revdata,8,s15,True,absent,increase,increase,decrease,23,95.0
revdata,9,s4,False,absent,increase,,increase,42,111.0
revdata,9,s7,False,absent,decrease,,increase,42,111.0
revdata,9,s9,True,decrease,decrease,decrease,stable,42,111.0
revdata,9,s11,True,increase,increase,increase,increase,42,111.0
revdata,9,s12,True,unspecified,increase,increase,decrease,42,111.0
revdata,9,s14,True,decrease,decrease,decrease,decrease,42,111.0
revdata,9,s15,True,absent,increase,increase,decrease,42,111.0
revdata,10,s4,False,absent,increase,,decrease,42,96.0
revdata,10,s7,False,increase,decrease,,increase,42,96.0
revdata,10,s9,True,decrease,decrease,decrease,stable,42,96.0
revdata,10,s11,True,increase,increase,increase,decrease,42,96.0
revdata,10,s12,True,increase,increase,increase,decrease,42,96.0
revdata,10,s14,True,decrease,decrease,decrease,stable,42,96.0
revdata,10,s15,True,increase,increase,increase,increase,42,96.0
revdata,11,s4,False,absent,increase,,decrease,23,97.0
revdata,11,s7,False,absent,decrease,,increase,23,97.0
revdata,11,s9,True,decrease,decrease,decrease,increase,23,97.0
revdata,11,s11,True,increase,increase,increase,increase,23,97.0
revdata,11,s12,True,unspecified,increase,increase,decrease,23,97.0
revdata,11,s14,True,decrease,decrease,decrease,increase,23,97.0
revdata,11,s15,True,unspecified,increase,increase,decrease,23,97.0
revdata,12,s4,False,absent,increase,,decrease,23,124.0
revdata,12,s7,False,absent,decrease,,increase,23,124.0
revdata,12,s9,True,decrease,decrease,decrease,decrease,23,124.0
revdata,12,s11,True,increase,increase,increase,increase,23,124.0
revdata,12,s12,True,unspecified,increase,increase,decrease,23,124.0
revdata,12,s14,True,unspecified,decrease,decrease,decrease,23,124.0
revdata,12,s15,True,absent,increase,increase,decrease,23,124.0
revdata,13,s4,False,absent,increase,,decrease,23,95.0
revdata,13,s7,False,absent,decrease,,increase,23,95.0
revdata,13,s9,True,decrease,decrease,decrease,stable,23,95.0
revdata,13,s11,True,increase,increase,increase,decrease,23,95.0
revdata,13,s12,True,decrease,increase,increase,increase,23,95.0
revdata,13,s14,True,decrease,decrease,decrease,decrease,23,95.0
revdata,13,s15,True,absent,increase,increase,increase,23,95.0
revdata,14,s4,False,absent,increase,,increase,23,107.0
revdata,14,s7,False,absent,decrease,,decrease,23,107.0
revdata,14,s9,True,decrease,decrease,decrease,stable,23,107.0
revdata,14,s11,True,increase,increase,increase,increase,23,107.0
revdata,14,s12,True,decrease,increase,increase,increase,23,107.0
revdata,14,s14,True,decrease,decrease,decrease,stable,23,107.0
revdata,14,s15,True,absent,increase,increase,increase,23,107.0
revdata,15,s4,False,absent,increase,,decrease,43,83.0
revdata,15,s7,False,absent,decrease,,increase,43,83.0
revdata,15,s9,True,decrease,decrease,decrease,decrease,43,83.0
revdata,15,s11,True,increase,increase,increase,decrease,43,83.0
revdata,15,s12,True,increase,increase,increase,increase,43,83.0
revdata,15,s14,True,decrease,decrease,decrease,stable,43,83.0
revdata,15,s15,True,increase,increase,increase,increase,43,83.0
revdata,16,s4,False,absent,increase,,stable,23,84.0
revdata,16,s7,False,absent,decrease,,decrease,23,84.0
revdata,16,s9,True,decrease,decrease,decrease,decrease,23,84.0
revdata,16,s11,True,increase,increase,increase,decrease,23,84.0
revdata,16,s12,True,increase,increase,increase,increase,23,84.0
revdata,16,s14,True,decrease,decrease,decrease,decrease,23,84.0
revdata,16,s15,True,increase,increase,increase,decrease,23,84.0
revdata,17,s4,False,absent,increase,,decrease,23,50.0
revdata,17,s7,False,absent,decrease,,increase,23,50.0
revdata,17,s9,True,decrease,decrease,decrease,decrease,23,50.0
revdata,17,s11,True,increase,increase,increase,decrease,23,50.0
revdata,17,s12,True,increase,increase,increase,decrease,23,50.0
revdata,17,s14,True,decrease,decrease,decrease,decrease,23,50.0
revdata,17,s15,True,increase,increase,increase,decrease,23,50.0
revdata,18,s4,False,absent,increase,,decrease,42,28.0
revdata,18,s7,False,absent,decrease,,increase,42,28.0
revdata,18,s9,True,decrease,decrease,decrease,increase,42,28.0
revdata,18,s11,True,unspecified,increase,increase,decrease,42,28.0
revdata,18,s12,True,unspecified,increase,increase,increase,42,28.0
revdata,18,s14,True,decrease,decrease,decrease,increase,42,28.0
revdata,18,s15,True,unspecified,increase,increase,decrease,42,28.0
revdata,19,s4,False,absent,increase,,decrease,23,87.0
revdata,19,s7,False,absent,decrease,,decrease,23,87.0
revdata,19,s9,True,decrease,decrease,decrease,increase,23,87.0
revdata,19,s11,True,increase,increase,increase,stable,23,87.0
revdata,19,s12,True,unspecified,increase,increase,increase,23,87.0
revdata,19,s14,True,decrease,decrease,decrease,increase,23,87.0
revdata,19,s15,True,absent,increase,increase,decrease,23,87.0
revdata,20,s4,False,absent,increase,,increase,23,16.0
revdata,20,s7,False,absent,decrease,,increase,23,16.0
revdata,20,s9,True,decrease,decrease,decrease,decrease,23,16.0
revdata,20,s11,True,increase,increase,increase,decrease,23,16.0
revdata,20,s12,True,unspecified,increase,increase,increase,23,16.0
revdata,20,s14,True,decrease,decrease,decrease,increase,23,16.0
revdata,20,s15,True,absent,increase,increase,decrease,23,16.0
revdata,21,s4,False,absent,increase,,stable,23,57.0
revdata,21,s7,False,absent,decrease,,increase,23,57.0
revdata,21,s9,True,decrease,decrease,decrease,decrease,23,57.0
revdata,21,s11,True,increase,increase,increase,decrease,23,57.0
revdata,21,s12,True,unspecified,increase,increase,decrease,23,57.0
revdata,21,s14,True,decrease,decrease,decrease,decrease,23,57.0
revdata,21,s15,True,unspecified,increase,increase,decrease,23,57.0
revdata,22,s4,False,absent,increase,,decrease,42,111.0
revdata,22,s7,False,absent,decrease,,decrease,42,111.0
revdata,22,s9,True,decrease,decrease,decrease,decrease,42,111.0
revdata,22,s11,True,increase,increase,increase,decrease,42,111.0
revdata,22,s12,True,increase,increase,increase,stable,42,111.0
revdata,22,s14,True,decrease,decrease,decrease,stable,42,111.0
revdata,22,s15,True,increase,increase,increase,increase,42,111.0
revdata,23,s4,False,absent,increase,,decrease,23,113.0
revdata,23,s7,False,absent,decrease,,increase,23,113.0
revdata,23,s9,True,decrease,decrease,decrease,decrease,23,113.0
revdata,23,s11,True,increase,increase,increase,stable,23,113.0
revdata,23,s12,True,increase,increase,increase,increase,23,113.0
revdata,23,s14,True,decrease,decrease,decrease,decrease,23,113.0
revdata,23,s15,True,increase,increase,increase,decrease,23,113.0
revdata,24,s4,False,absent,increase,,decrease,23,20.0
revdata,24,s7,False,absent,decrease,,increase,23,20.0
revdata,24,s9,True,decrease,decrease,decrease,decrease,23,20.0
revdata,24,s11,True,increase,increase,increase,decrease,23,20.0
revdata,24,s12,True,unspecified,increase,increase,increase,23,20.0
revdata,24,s14,True,decrease,decrease,decrease,decrease,23,20.0
revdata,24,s15,True,absent,increase,increase,decrease,23,20.0
revdata,25,s4,False,absent,increase,,increase,23,125.0
revdata,25,s7,False,absent,decrease,,stable,23,125.0
revdata,25,s9,True,decrease,decrease,decrease,decrease,23,125.0
revdata,25,s11,True,increase,increase,increase,increase,23,125.0
revdata,25,s12,True,unspecified,increase,increase,increase,23,125.0
revdata,25,s14,True,decrease,decrease,decrease,decrease,23,125.0
revdata,25,s15,True,absent,increase,increase,increase,23,125.0
revdata,26,s4,False,absent,increase,,decrease,23,119.0
revdata,26,s7,False,absent,decrease,,decrease,23,119.0
revdata,26,s9,True,decrease,decrease,decrease,decrease,23,119.0
revdata,26,s11,True,increase,increase,increase,decrease,23,119.0
revdata,26,s12,True,unspecified,increase,increase,increase,23,119.0
revdata,26,s14,True,decrease,decrease,decrease,stable,23,119.0
revdata,26,s15,True,absent,increase,increase,decrease,23,119.0
revdata,27,s4,False,absent,increase,,decrease,23,66.0
revdata,27,s7,False,absent,decrease,,increase,23,66.0
revdata,27,s9,True,decrease,decrease,decrease,decrease,23,66.0
revdata,27,s11,True,increase,increase,increase,increase,23,66.0
revdata,27,s12,True,increase,increase,increase,increase,23,66.0
revdata,27,s14,True,decrease,decrease,decrease,increase,23,66.0
revdata,27,s15,True,absent,increase,increase,decrease,23,66.0
revdata,28,s4,False,absent,increase,,decrease,23,97.0
revdata,28,s7,False,absent,decrease,,decrease,23,97.0
revdata,28,s9,True,increase,decrease,decrease,decrease,23,97.0
revdata,28,s11,True,increase,increase,increase,increase,23,97.0
revdata,28,s12,True,unspecified,increase,increase,increase,23,97.0
revdata,28,s14,True,increase,decrease,decrease,increase,23,97.0
revdata,28,s15,True,unspecified,increase,increase,increase,23,97.0
revdata,29,s4,False,absent,increase,,stable,23,90.0
revdata,29,s7,False,absent,decrease,,increase,23,90.0
revdata,29,s9,True,decrease,decrease,decrease,decrease,23,90.0
revdata,29,s11,True,increase,increase,increase,stable,23,90.0
revdata,29,s12,True,decrease,increase,increase,increase,23,90.0
revdata,29,s14,True,decrease,decrease,decrease,stable,23,90.0
revdata,29,s15,True,absent,increase,increase,increase,23,90.0
revdata,30,s4,False,absent,increase,,increase,42,115.0
revdata,30,s7,False,absent,decrease,,increase,42,115.0
revdata,30,s9,True,decrease,decrease,decrease,decrease,42,115.0
revdata,30,s11,True,increase,increase,increase,increase,42,115.0
revdata,30,s12,True,unspecified,increase,increase,decrease,42,115.0
revdata,30,s14,True,decrease,decrease,decrease,decrease,42,115.0
revdata,30,s15,True,absent,increase,increase,decrease,42,115.0
revdata,31,s4,False,absent,increase,,decrease,42,8.0
revdata,31,s7,False,absent,decrease,,increase,42,8.0
revdata,31,s9,True,decrease,decrease,decrease,decrease,42,8.0
revdata,31,s11,True,increase,increase,increase,increase,42,8.0
revdata,31,s12,True,increase,increase,increase,increase,42,8.0
revdata,31,s14,True,decrease,decrease,decrease,stable,42,8.0
revdata,31,s15,True,increase,increase,increase,decrease,42,8.0
revdata,32,s4,False,absent,increase,,decrease,23,48.0
revdata,32,s7,False,absent,decrease,,increase,23,48.0
revdata,32,s9,True,decrease,decrease,decrease,decrease,23,48.0
revdata,32,s11,True,increase,increase,increase,decrease,23,48.0
revdata,32,s12,True,unspecified,increase,increase,decrease,23,48.0
revdata,32,s14,True,decrease,decrease,decrease,decrease,23,48.0
revdata,32,s15,True,absent,increase,increase,decrease,23,48.0
revdata,33,s4,False,absent,increase,,decrease,23,106.0
revdata,33,s7,False,absent,decrease,,increase,23,106.0
revdata,33,s9,True,decrease,decrease,decrease,stable,23,106.0
revdata,33,s11,True,increase,increase,increase,decrease,23,106.0
revdata,33,s12,True,unspecified,increase,increase,increase,23,106.0
revdata,33,s14,True,decrease,decrease,decrease,increase,23,106.0
revdata,33,s15,True,absent,increase,increase,stable,23,106.0
revdata,34,s4,False,absent,increase,,decrease,23,7.0
revdata,34,s7,False,absent,decrease,,increase,23,7.0
revdata,34,s9,True,decrease,decrease,decrease,increase,23,7.0
revdata,34,s11,True,increase,increase,increase,decrease,23,7.0
revdata,34,s12,True,increase,increase,increase,increase,23,7.0
revdata,34,s14,True,decrease,decrease,decrease,increase,23,7.0
revdata,34,s15,True,increase,increase,increase,decrease,23,7.0
revdata,35,s4,False,absent,increase,,decrease,42,11.0
revdata,35,s7,False,absent,decrease,,increase,42,11.0
revdata,35,s9,True,decrease,decrease,decrease,decrease,42,11.0
revdata,35,s11,True,increase,increase,increase,decrease,42,11.0
revdata,35,s12,True,unspecified,increase,increase,increase,42,11.0
revdata,35,s14,True,decrease,decrease,decrease,decrease,42,11.0
revdata,35,s15,True,absent,increase,increase,decrease,42,11.0
revdata,36,s4,False,absent,increase,,decrease,23,19.0
revdata,36,s7,False,absent,decrease,,increase,23,19.0
revdata,36,s9,True,decrease,decrease,decrease,increase,23,19.0
revdata,36,s11,True,increase,increase,increase,decrease,23,19.0
revdata,36,s12,True,unspecified,increase,increase,increase,23,19.0
revdata,36,s14,True,decrease,decrease,decrease,increase,23,19.0
revdata,36,s15,True,absent,increase,increase,decrease,23,19.0
revdata,37,s4,False,absent,increase,,decrease,23,21.0
revdata,37,s7,False,absent,decrease,,increase,23,21.0
revdata,37,s9,True,decrease,decrease,decrease,increase,23,21.0
revdata,37,s11,True,increase,increase,increase,decrease,23,21.0
revdata,37,s12,True,unspecified,increase,increase,increase,23,21.0
revdata,37,s14,True,decrease,decrease,decrease,increase,23,21.0
revdata,37,s15,True,absent,increase,increase,decrease,23,21.0
revdata,38,s4,False,absent,increase,,increase,23,50.0
revdata,38,s7,False,absent,decrease,,decrease,23,50.0
revdata,38,s9,True,decrease,decrease,decrease,decrease,23,50.0
revdata,38,s11,True,increase,increase,increase,decrease,23,50.0
revdata,38,s12,True,unspecified,increase,increase,increase,23,50.0
revdata,38,s14,True,decrease,decrease,decrease,decrease,23,50.0
revdata,38,s15,True,absent,increase,increase,decrease,23,50.0
revdata,39,s4,False,absent,increase,,decrease,23,125.0
revdata,39,s7,False,absent,decrease,,decrease,23,125.0
revdata,39,s9,True,decrease,decrease,decrease,decrease,23,125.0
revdata,39,s11,True,increase,increase,increase,increase,23,125.0
revdata,39,s12,True,unspecified,increase,increase,decrease,23,125.0
revdata,39,s14,True,decrease,decrease,decrease,decrease,23,125.0
revdata,39,s15,True,absent,increase,increase,increase,23,125.0
revdata,40,s4,False,absent,increase,,decrease,23,28.0
revdata,40,s7,False,absent,decrease,,increase,23,28.0
revdata,40,s9,True,decrease,decrease,decrease,decrease,23,28.0
revdata,40,s11,True,increase,increase,increase,decrease,23,28.0
revdata,40,s12,True,unspecified,increase,increase,increase,23,28.0
revdata,40,s14,True,decrease,decrease,decrease,decrease,23,28.0
revdata,40,s15,True,absent,increase,increase,increase,23,28.0
revdata,41,s4,False,absent,increase,,decrease,23,18.0
revdata,41,s7,False,absent,decrease,,increase,23,18.0
revdata,41,s9,True,decrease,decrease,decrease,increase,23,18.0
revdata,41,s11,True,increase,increase,increase,decrease,23,18.0
revdata,41,s12,True,unspecified,increase,increase,increase,23,18.0
revdata,41,s14,True,decrease,decrease,decrease,increase,23,18.0
revdata,41,s15,True,absent,increase,increase,decrease,23,18.0
revdata,42,s4,False,absent,increase,,decrease,23,10.0
revdata,42,s7,False,absent,decrease,,increase,23,10.0
revdata,42,s9,True,decrease,decrease,decrease,increase,23,10.0
revdata,42,s11,True,increase,increase,increase,decrease,23,10.0
revdata,42,s12,True,unspecified,increase,increase,increase,23,10.0
revdata,42,s14,True,decrease,decrease,decrease,increase,23,10.0
revdata,42,s15,True,absent,increase,increase,decrease,23,10.0
revdata,43,s4,False,absent,increase,,decrease,23,59.0
revdata,43,s7,False,absent,decrease,,increase,23,59.0
revdata,43,s9,True,decrease,decrease,decrease,increase,23,59.0
revdata,43,s11,True,increase,increase,increase,decrease,23,59.0
revdata,43,s12,True,unspecified,increase,increase,increase,23,59.0
revdata,43,s14,True,decrease,decrease,decrease,stable,23,59.0
revdata,43,s15,True,absent,increase,increase,decrease,23,59.0
revdata,44,s4,False,absent,increase,,decrease,23,109.0
revdata,44,s7,False,absent,decrease,,increase,23,109.0
revdata,44,s9,True,decrease,decrease,decrease,decrease,23,109.0
revdata,44,s11,True,increase,increase,increase,decrease,23,109.0
revdata,44,s12,True,unspecified,increase,increase,decrease,23,109.0
revdata,44,s14,True,decrease,decrease,decrease,increase,23,109.0
revdata,44,s15,True,absent,increase,increase,decrease,23,109.0
revdata,45,s4,False,absent,increase,,decrease,23,114.0
revdata,45,s7,False,absent,decrease,,decrease,23,114.0
revdata,45,s9,True,decrease,decrease,decrease,decrease,23,114.0
revdata,45,s11,True,increase,increase,increase,decrease,23,114.0
revdata,45,s12,True,decrease,increase,increase,increase,23,114.0
revdata,45,s14,True,decrease,decrease,decrease,stable,23,114.0
revdata,45,s15,True,absent,increase,increase,decrease,23,114.0
revdata,46,s4,False,absent,increase,,decrease,23,47.0
revdata,46,s7,False,absent,decrease,,decrease,23,47.0
revdata,46,s9,True,decrease,decrease,decrease,decrease,23,47.0
revdata,46,s11,True,increase,increase,increase,decrease,23,47.0
revdata,46,s12,True,unspecified,increase,increase,increase,23,47.0
revdata,46,s14,True,decrease,decrease,decrease,stable,23,47.0
revdata,46,s15,True,absent,increase,increase,decrease,23,47.0
revdata,47,s4,False,absent,increase,,increase,23,125.0
revdata,47,s7,False,absent,decrease,,decrease,23,125.0
revdata,47,s9,True,decrease,decrease,decrease,decrease,23,125.0
revdata,47,s11,True,increase,increase,increase,increase,23,125.0
revdata,47,s12,True,unspecified,increase,increase,decrease,23,125.0
revdata,47,s14,True,decrease,decrease,decrease,decrease,23,125.0
revdata,47,s15,True,unspecified,increase,increase,decrease,23,125.0
revdata,48,s4,False,absent,increase,,increase,42,92.0
revdata,48,s7,False,absent,decrease,,decrease,42,92.0
revdata,48,s9,True,decrease,decrease,decrease,stable,42,92.0
revdata,48,s11,True,increase,increase,increase,decrease,42,92.0
revdata,48,s12,True,increase,increase,increase,decrease,42,92.0
revdata,48,s14,True,decrease,decrease,decrease,stable,42,92.0
revdata,48,s15,True,unspecified,increase,increase,decrease,42,92.0
revdata,49,s4,False,absent,increase,,decrease,23,21.0
revdata,49,s7,False,absent,decrease,,increase,23,21.0
revdata,49,s9,True,decrease,decrease,decrease,increase,23,21.0
revdata,49,s11,True,increase,increase,increase,decrease,23,21.0
revdata,49,s12,True,decrease,increase,increase,increase,23,21.0
revdata,49,s14,True,decrease,decrease,decrease,stable,23,21.0
revdata,49,s15,True,absent,increase,increase,decrease,23,21.0
revdata,50,s4,False,absent,increase,,increase,23,79.0
revdata,50,s7,False,absent,decrease,,increase,23,79.0
revdata,50,s9,True,decrease,decrease,decrease,decrease,23,79.0
revdata,50,s11,True,increase,increase,increase,decrease,23,79.0
revdata,50,s12,True,unspecified,increase,increase,decrease,23,79.0
revdata,50,s14,True,decrease,decrease,decrease,stable,23,79.0
revdata,50,s15,True,absent,increase,increase,decrease,23,79.0
revdata,51,s4,False,absent,increase,,decrease,42,114.0
revdata,51,s7,False,absent,decrease,,increase,42,114.0
revdata,51,s9,True,decrease,decrease,decrease,decrease,42,114.0
revdata,51,s11,True,increase,increase,increase,increase,42,114.0
revdata,51,s12,True,unspecified,increase,increase,decrease,42,114.0
revdata,51,s14,True,decrease,decrease,decrease,stable,42,114.0
revdata,51,s15,True,absent,increase,increase,decrease,42,114.0
revdata,52,s4,False,absent,increase,,decrease,23,29.0
revdata,52,s7,False,absent,decrease,,increase,23,29.0
revdata,52,s9,True,decrease,decrease,decrease,decrease,23,29.0
revdata,52,s11,True,increase,increase,increase,decrease,23,29.0
revdata,52,s12,True,decrease,increase,increase,increase,23,29.0
revdata,52,s14,True,decrease,decrease,decrease,decrease,23,29.0
revdata,52,s15,True,absent,increase,increase,decrease,23,29.0
revdata,53,s4,False,absent,increase,,decrease,23,26.0
revdata,53,s7,False,absent,decrease,,increase,23,26.0
revdata,53,s9,True,decrease,decrease,decrease,decrease,23,26.0
revdata,53,s11,True,increase,increase,increase,decrease,23,26.0
revdata,53,s12,True,unspecified,increase,increase,increase,23,26.0
revdata,53,s14,True,decrease,decrease,decrease,decrease,23,26.0
revdata,53,s15,True,absent,increase,increase,decrease,23,26.0
revdata,54,s4,False,absent,increase,,increase,23,97.0
revdata,54,s7,False,absent,decrease,,increase,23,97.0
revdata,54,s9,True,unspecified,decrease,decrease,decrease,23,97.0
revdata,54,s11,True,increase,increase,increase,decrease,23,97.0
revdata,54,s12,True,unspecified,increase,increase,decrease,23,97.0
revdata,54,s14,True,increase,decrease,decrease,decrease,23,97.0
revdata,54,s15,True,absent,increase,increase,decrease,23,97.0
revdata,55,s4,False,absent,increase,,increase,23,125.0
revdata,55,s7,False,absent,decrease,,increase,23,125.0
revdata,55,s9,True,decrease,decrease,decrease,stable,23,125.0
revdata,55,s11,True,increase,increase,increase,decrease,23,125.0
revdata,55,s12,True,unspecified,increase,increase,decrease,23,125.0
revdata,55,s14,True,decrease,decrease,decrease,increase,23,125.0
revdata,55,s15,True,absent,increase,increase,decrease,23,125.0
revdata,56,s4,False,absent,increase,,stable,23,15.0
revdata,56,s7,False,absent,decrease,,stable,23,15.0
revdata,56,s9,True,decrease,decrease,decrease,increase,23,15.0
revdata,56,s11,True,increase,increase,increase,decrease,23,15.0
revdata,56,s12,True,unspecified,increase,increase,increase,23,15.0
revdata,56,s14,True,decrease,decrease,decrease,increase,23,15.0
revdata,56,s15,True,absent,increase,increase,decrease,23,15.0
revdata,57,s4,False,absent,increase,,decrease,23,103.0
revdata,57,s7,False,absent,decrease,,increase,23,103.0
revdata,57,s9,True,decrease,decrease,decrease,increase,23,103.0
revdata,57,s11,True,increase,increase,increase,increase,23,103.0
revdata,57,s12,True,unspecified,increase,increase,decrease,23,103.0
revdata,57,s14,True,decrease,decrease,decrease,increase,23,103.0
revdata,57,s15,True,absent,increase,increase,decrease,23,103.0
revdata,58,s4,False,absent,increase,,decrease,23,37.0
revdata,58,s7,False,absent,decrease,,increase,23,37.0
revdata,58,s9,True,decrease,decrease,decrease,stable,23,37.0
revdata,58,s11,True,increase,increase,increase,decrease,23,37.0
revdata,58,s12,True,unspecified,increase,increase,increase,23,37.0
revdata,58,s14,True,decrease,decrease,decrease,increase,23,37.0
revdata,58,s15,True,absent,increase,increase,decrease,23,37.0
revdata,59,s4,False,absent,increase,,decrease,42,114.0
revdata,59,s7,False,absent,decrease,,increase,42,114.0
revdata,59,s9,True,decrease,decrease,decrease,decrease,42,114.0
revdata,59,s11,True,increase,increase,increase,increase,42,114.0
revdata,59,s12,True,increase,increase,increase,increase,42,114.0
revdata,59,s14,True,decrease,decrease,decrease,stable,42,114.0
revdata,59,s15,True,increase,increase,increase,increase,42,114.0
revdata,60,s4,False,absent,increase,,increase,42,100.0
revdata,60,s7,False,absent,decrease,,increase,42,100.0
revdata,60,s9,True,decrease,decrease,decrease,increase,42,100.0
revdata,60,s11,True,increase,increase,increase,decrease,42,100.0
revdata,60,s12,True,increase,increase,increase,increase,42,100.0
revdata,60,s14,True,decrease,decrease,decrease,stable,42,100.0
revdata,60,s15,True,increase,increase,increase,decrease,42,100.0
revdata,61,s4,False,absent,increase,,decrease,23,21.0
revdata,61,s7,False,absent,decrease,,increase,23,21.0
revdata,61,s9,True,stable,decrease,decrease,increase,23,21.0
revdata,61,s11,True,increase,increase,increase,decrease,23,21.0
revdata,61,s12,True,unspecified,increase,increase,increase,23,21.0
revdata,61,s14,True,decrease,decrease,decrease,decrease,23,21.0
revdata,61,s15,True,absent,increase,increase,decrease,23,21.0
revdata,62,s4,False,absent,increase,,decrease,42,54.0
revdata,62,s7,False,absent,decrease,,stable,42,54.0
revdata,62,s9,True,decrease,decrease,decrease,decrease,42,54.0
revdata,62,s11,True,increase,increase,increase,decrease,42,54.0
revdata,62,s12,True,unspecified,increase,increase,increase,42,54.0
revdata,62,s14,True,decrease,decrease,decrease,decrease,42,54.0
revdata,62,s15,True,absent,increase,increase,decrease,42,54.0
revdata,63,s4,False,absent,increase,,decrease,23,72.0
revdata,63,s7,False,absent,decrease,,increase,23,72.0
revdata,63,s9,True,decrease,decrease,decrease,decrease,23,72.0
revdata,63,s11,True,increase,increase,increase,decrease,23,72.0
revdata,63,s12,True,unspecified,increase,increase,decrease,23,72.0
revdata,63,s14,True,decrease,decrease,decrease,decrease,23,72.0
revdata,63,s15,True,absent,increase,increase,decrease,23,72.0
revdata,64,s4,False,absent,increase,,decrease,23,28.0
revdata,64,s7,False,absent,decrease,,increase,23,28.0
revdata,64,s9,True,decrease,decrease,decrease,increase,23,28.0
revdata,64,s11,True,increase,increase,increase,decrease,23,28.0
revdata,64,s12,True,decrease,increase,increase,increase,23,28.0
revdata,64,s14,True,decrease,decrease,decrease,increase,23,28.0
revdata,64,s15,True,absent,increase,increase,decrease,23,28.0
revdata,65,s4,False,absent,increase,,decrease,23,125.0
revdata,65,s7,False,absent,decrease,,increase,23,125.0
revdata,65,s9,True,decrease,decrease,decrease,stable,23,125.0
revdata,65,s11,True,increase,increase,increase,increase,23,125.0
revdata,65,s12,True,decrease,increase,increase,decrease,23,125.0
revdata,65,s14,True,decrease,decrease,decrease,decrease,23,125.0
revdata,65,s15,True,absent,increase,increase,decrease,23,125.0
revdata,66,s4,False,absent,increase,,decrease,23,14.0
revdata,66,s7,False,absent,decrease,,increase,23,14.0
revdata,66,s9,True,decrease,decrease,decrease,decrease,23,14.0
revdata,66,s11,True,increase,increase,increase,decrease,23,14.0
revdata,66,s12,True,unspecified,increase,increase,stable,23,14.0
revdata,66,s14,True,decrease,decrease,decrease,decrease,23,14.0
revdata,66,s15,True,absent,increase,increase,decrease,23,14.0
revdata,67,s4,False,absent,increase,,decrease,23,77.0
revdata,67,s7,False,absent,decrease,,decrease,23,77.0
revdata,67,s9,True,decrease,decrease,decrease,increase,23,77.0
revdata,67,s11,True,increase,increase,increase,increase,23,77.0
revdata,67,s12,True,unspecified,increase,increase,increase,23,77.0
revdata,67,s14,True,decrease,decrease,decrease,stable,23,77.0
revdata,67,s15,True,absent,increase,increase,increase,23,77.0
revdata,68,s4,False,absent,increase,,decrease,23,8.0
revdata,68,s7,False,absent,decrease,,increase,23,8.0
revdata,68,s9,True,decrease,decrease,decrease,decrease,23,8.0
revdata,68,s11,True,increase,increase,increase,decrease,23,8.0
revdata,68,s12,True,unspecified,increase,increase,increase,23,8.0
revdata,68,s14,True,decrease,decrease,decrease,decrease,23,8.0
revdata,68,s15,True,absent,increase,increase,decrease,23,8.0
revdata,69,s4,False,absent,increase,,decrease,23,121.0
revdata,69,s7,False,absent,decrease,,decrease,23,121.0
revdata,69,s9,True,decrease,decrease,decrease,stable,23,121.0
revdata,69,s11,True,increase,increase,increase,increase,23,121.0
revdata,69,s12,True,increase,increase,increase,increase,23,121.0
revdata,69,s14,True,decrease,decrease,decrease,decrease,23,121.0
revdata,69,s15,True,increase,increase,increase,increase,23,121.0
revdata,70,s4,False,absent,increase,,increase,23,94.0
revdata,70,s7,False,absent,decrease,,stable,23,94.0
revdata,70,s9,True,absent,decrease,decrease,stable,23,94.0
revdata,70,s11,True,increase,increase,increase,decrease,23,94.0
revdata,70,s12,True,unspecified,increase,increase,decrease,23,94.0
revdata,70,s14,True,absent,decrease,decrease,stable,23,94.0
revdata,70,s15,True,absent,increase,increase,increase,23,94.0
revdata,71,s4,False,absent,increase,,decrease,23,118.0
revdata,71,s7,False,absent,decrease,,increase,23,118.0
revdata,71,s9,True,decrease,decrease,decrease,decrease,23,118.0
revdata,71,s11,True,increase,increase,increase,decrease,23,118.0
revdata,71,s12,True,decrease,increase,increase,decrease,23,118.0
revdata,71,s14,True,decrease,decrease,decrease,increase,23,118.0
revdata,71,s15,True,absent,increase,increase,decrease,23,118.0
revdata,72,s4,False,absent,increase,,decrease,23,50.0
revdata,72,s7,False,absent,decrease,,increase,23,50.0
revdata,72,s9,True,decrease,decrease,decrease,stable,23,50.0
revdata,72,s11,True,increase,increase,increase,decrease,23,50.0
revdata,72,s12,True,increase,increase,increase,increase,23,50.0
revdata,72,s14,True,decrease,decrease,decrease,decrease,23,50.0
revdata,72,s15,True,increase,increase,increase,decrease,23,50.0
revdata,73,s4,False,absent,increase,,increase,42,125.0
revdata,73,s7,False,absent,decrease,,decrease,42,125.0
revdata,73,s9,True,decrease,decrease,decrease,increase,42,125.0
revdata,73,s11,True,increase,increase,increase,increase,42,125.0
revdata,73,s12,True,unspecified,increase,increase,increase,42,125.0
revdata,73,s14,True,decrease,decrease,decrease,increase,42,125.0
revdata,73,s15,True,absent,increase,increase,decrease,42,125.0
revdata,74,s4,False,absent,increase,,decrease,23,125.0
revdata,74,s7,False,absent,decrease,,increase,23,125.0
revdata,74,s9,True,decrease,decrease,decrease,decrease,23,125.0
revdata,74,s11,True,increase,increase,increase,decrease,23,125.0
revdata,74,s12,True,unspecified,increase,increase,increase,23,125.0
revdata,74,s14,True,decrease,decrease,decrease,increase,23,125.0
revdata,74,s15,True,absent,increase,increase,increase,23,125.0
revdata,75,s4,False,absent,increase,,decrease,45,113.0
revdata,75,s7,False,absent,decrease,,decrease,45,113.0
revdata,75,s9,True,decrease,decrease,decrease,increase,45,113.0
revdata,75,s11,True,increase,increase,increase,decrease,45,113.0
revdata,75,s12,True,unspecified,increase,increase,increase,45,113.0
revdata,75,s14,True,decrease,decrease,decrease,increase,45,113.0
revdata,75,s15,True,absent,increase,increase,decrease,45,113.0
revdata,76,s4,False,absent,increase,,decrease,23,10.0
revdata,76,s7,False,absent,decrease,,increase,23,10.0
revdata,76,s9,True,decrease,decrease,decrease,decrease,23,10.0
revdata,76,s11,True,increase,increase,increase,decrease,23,10.0
revdata,76,s12,True,unspecified,increase,increase,increase,23,10.0
revdata,76,s14,True,decrease,decrease,decrease,decrease,23,10.0
revdata,76,s15,True,absent,increase,increase,decrease,23,10.0
revdata,77,s4,False,absent,increase,,decrease,42,34.0
revdata,77,s7,False,absent,decrease,,increase,42,34.0
revdata,77,s9,True,decrease,decrease,decrease,decrease,42,34.0
revdata,77,s11,True,increase,increase,increase,decrease,42,34.0
revdata,77,s12,True,unspecified,increase,increase,increase,42,34.0
revdata,77,s14,True,decrease,decrease,decrease,decrease,42,34.0
revdata,77,s15,True,absent,increase,increase,increase,42,34.0
revdata,78,s4,False,absent,increase,,increase,23,107.0
revdata,78,s7,False,absent,decrease,,decrease,23,107.0
revdata,78,s9,True,decrease,decrease,decrease,decrease,23,107.0
revdata,78,s11,True,increase,increase,increase,stable,23,107.0
revdata,78,s12,True,unspecified,increase,increase,decrease,23,107.0
revdata,78,s14,True,decrease,decrease,decrease,decrease,23,107.0
revdata,78,s15,True,absent,increase,increase,increase,23,107.0
revdata,79,s4,False,absent,increase,,increase,23,63.0
revdata,79,s7,False,absent,decrease,,increase,23,63.0
revdata,79,s9,True,decrease,decrease,decrease,increase,23,63.0
revdata,79,s11,True,increase,increase,increase,decrease,23,63.0
revdata,79,s12,True,increase,increase,increase,stable,23,63.0
revdata,79,s14,True,decrease,decrease,decrease,increase,23,63.0
revdata,79,s15,True,unspecified,increase,increase,decrease,23,63.0
revdata,80,s4,False,absent,increase,,decrease,23,90.0
revdata,80,s7,False,absent,decrease,,increase,23,90.0
revdata,80,s9,True,decrease,decrease,decrease,stable,23,90.0
revdata,80,s11,True,increase,increase,increase,decrease,23,90.0
revdata,80,s12,True,unspecified,increase,increase,increase,23,90.0
revdata,80,s14,True,decrease,decrease,decrease,increase,23,90.0
revdata,80,s15,True,absent,increase,increase,decrease,23,90.0
revdata,81,s4,False,absent,increase,,decrease,23,8.0
revdata,81,s7,False,absent,decrease,,increase,23,8.0
revdata,81,s9,True,decrease,decrease,decrease,decrease,23,8.0
revdata,81,s11,True,increase,increase,increase,decrease,23,8.0
revdata,81,s12,True,unspecified,increase,increase,increase,23,8.0
revdata,81,s14,True,decrease,decrease,decrease,decrease,23,8.0
revdata,81,s15,True,absent,increase,increase,decrease,23,8.0
revdata,82,s4,False,absent,increase,,decrease,23,9.0
revdata,82,s7,False,absent,decrease,,increase,23,9.0
revdata,82,s9,True,decrease,decrease,decrease,decrease,23,9.0
revdata,82,s11,True,increase,increase,increase,decrease,23,9.0
revdata,82,s12,True,decrease,increase,increase,increase,23,9.0
revdata,82,s14,True,decrease,decrease,decrease,increase,23,9.0
revdata,82,s15,True,absent,increase,increase,decrease,23,9.0
revdata,83,s4,False,absent,increase,,stable,42,125.0
revdata,83,s7,False,absent,decrease,,increase,42,125.0
revdata,83,s9,True,unspecified,decrease,decrease,increase,42,125.0
revdata,83,s11,True,increase,increase,increase,increase,42,125.0
revdata,83,s12,True,decrease,increase,increase,increase,42,125.0
revdata,83,s14,True,unspecified,decrease,decrease,decrease,42,125.0
revdata,83,s15,True,absent,increase,increase,decrease,42,125.0
revdata,84,s4,False,absent,increase,,decrease,23,58.0
revdata,84,s7,False,absent,decrease,,increase,23,58.0
revdata,84,s9,True,decrease,decrease,decrease,stable,23,58.0
revdata,84,s11,True,increase,increase,increase,increase,23,58.0
revdata,84,s12,True,unspecified,increase,increase,decrease,23,58.0
revdata,84,s14,True,decrease,decrease,decrease,increase,23,58.0
revdata,84,s15,True,absent,increase,increase,increase,23,58.0
revdata,85,s4,False,absent,increase,,decrease,23,118.0
revdata,85,s7,False,absent,decrease,,decrease,23,118.0
revdata,85,s9,True,decrease,decrease,decrease,increase,23,118.0
revdata,85,s11,True,increase,increase,increase,decrease,23,118.0
revdata,85,s12,True,unspecified,increase,increase,decrease,23,118.0
revdata,85,s14,True,decrease,decrease,decrease,stable,23,118.0
revdata,85,s15,True,absent,increase,increase,increase,23,118.0
revdata,86,s4,False,absent,increase,,increase,23,89.0
revdata,86,s7,False,absent,decrease,,stable,23,89.0
revdata,86,s9,True,decrease,decrease,decrease,decrease,23,89.0
revdata,86,s11,True,increase,increase,increase,decrease,23,89.0
revdata,86,s12,True,increase,increase,increase,increase,23,89.0
revdata,86,s14,True,decrease,decrease,decrease,decrease,23,89.0
revdata,86,s15,True,increase,increase,increase,decrease,23,89.0
revdata,87,s4,False,absent,increase,,increase,42,116.0
revdata,87,s7,False,absent,decrease,,increase,42,116.0
revdata,87,s9,True,decrease,decrease,decrease,increase,42,116.0
revdata,87,s11,True,increase,increase,increase,increase,42,116.0
revdata,87,s12,True,increase,increase,increase,decrease,42,116.0
revdata,87,s14,True,decrease,decrease,decrease,stable,42,116.0
revdata,87,s15,True,unspecified,increase,increase,decrease,42,116.0
revdata,88,s4,False,absent,increase,,increase,23,115.0
revdata,88,s7,False,absent,decrease,,decrease,23,115.0
revdata,88,s9,True,decrease,decrease,decrease,decrease,23,115.0
revdata,88,s11,True,increase,increase,increase,increase,23,115.0
revdata,88,s12,True,increase,increase,increase,decrease,23,115.0
revdata,88,s14,True,decrease,decrease,decrease,decrease,23,115.0
revdata,88,s15,True,increase,increase,increase,increase,23,115.0
revdata,89,s4,False,absent,increase,,decrease,23,125.0
revdata,89,s7,False,absent,decrease,,stable,23,125.0
revdata,89,s9,True,decrease,decrease,decrease,decrease,23,125.0
revdata,89,s11,True,increase,increase,increase,increase,23,125.0
revdata,89,s12,True,unspecified,increase,increase,increase,23,125.0
revdata,89,s14,True,decrease,decrease,decrease,stable,23,125.0
revdata,89,s15,True,absent,increase,increase,decrease,23,125.0
revdata,90,s4,False,absent,increase,,decrease,23,28.0
revdata,90,s7,False,absent,decrease,,increase,23,28.0
revdata,90,s9,True,decrease,decrease,decrease,decrease,23,28.0
revdata,90,s11,True,increase,increase,increase,decrease,23,28.0
revdata,90,s12,True,unspecified,increase,increase,decrease,23,28.0
revdata,90,s14,True,decrease,decrease,decrease,decrease,23,28.0
revdata,90,s15,True,absent,increase,increase,decrease,23,28.0
revdata,91,s4,False,absent,increase,,decrease,23,38.0
revdata,91,s7,False,absent,decrease,,increase,23,38.0
revdata,91,s9,True,decrease,decrease,decrease,decrease,23,38.0
revdata,91,s11,True,increase,increase,increase,decrease,23,38.0
revdata,91,s12,True,unspecified,increase,increase,decrease,23,38.0
revdata,91,s14,True,decrease,decrease,decrease,stable,23,38.0
revdata,91,s15,True,absent,increase,increase,decrease,23,38.0
revdata,92,s4,False,absent,increase,,increase,23,20.0
revdata,92,s7,False,absent,decrease,,increase,23,20.0
revdata,92,s9,True,decrease,decrease,decrease,decrease,23,20.0
revdata,92,s11,True,increase,increase,increase,decrease,23,20.0
revdata,92,s12,True,unspecified,increase,increase,increase,23,20.0
revdata,92,s14,True,decrease,decrease,decrease,decrease,23,20.0
revdata,92,s15,True,absent,increase,increase,stable,23,20.0
revdata,93,s4,False,absent,increase,,stable,23,85.0
revdata,93,s7,False,absent,decrease,,decrease,23,85.0
revdata,93,s9,True,decrease,decrease,decrease,decrease,23,85.0
revdata,93,s11,True,increase,increase,increase,increase,23,85.0
revdata,93,s12,True,unspecified,increase,increase,decrease,23,85.0
revdata,93,s14,True,decrease,decrease,decrease,decrease,23,85.0
revdata,93,s15,True,absent,increase,increase,decrease,23,85.0
revdata,94,s4,False,absent,increase,,decrease,23,55.0
revdata,94,s7,False,absent,decrease,,stable,23,55.0
revdata,94,s9,True,decrease,decrease,decrease,increase,23,55.0
revdata,94,s11,True,increase,increase,increase,decrease,23,55.0
revdata,94,s12,True,unspecified,increase,increase,increase,23,55.0
revdata,94,s14,True,decrease,decrease,decrease,stable,23,55.0
revdata,94,s15,True,absent,increase,increase,decrease,23,55.0
revdata,95,s4,False,absent,increase,,increase,42,125.0
revdata,95,s7,False,absent,decrease,,increase,42,125.0
revdata,95,s9,True,decrease,decrease,decrease,stable,42,125.0
revdata,95,s11,True,increase,increase,increase,decrease,42,125.0
revdata,95,s12,True,unspecified,increase,increase,stable,42,125.0
revdata,95,s14,True,decrease,decrease,decrease,decrease,42,125.0
revdata,95,s15,True,absent,increase,increase,decrease,42,125.0
revdata,96,s4,False,absent,increase,,decrease,23,125.0
revdata,96,s7,False,absent,decrease,,increase,23,125.0
revdata,96,s9,True,decrease,decrease,decrease,increase,23,125.0
revdata,96,s11,True,increase,increase,increase,decrease,23,125.0
revdata,96,s12,True,increase,increase,increase,decrease,23,125.0
revdata,96,s14,True,decrease,decrease,decrease,stable,23,125.0
revdata,96,s15,True,increase,increase,increase,decrease,23,125.0
revdata,97,s4,False,absent,increase,,decrease,23,82.0
revdata,97,s7,False,absent,decrease,,increase,23,82.0
revdata,97,s9,True,decrease,decrease,decrease,decrease,23,82.0
revdata,97,s11,True,increase,increase,increase,decrease,23,82.0
revdata,97,s12,True,decrease,increase,increase,increase,23,82.0
revdata,97,s14,True,decrease,decrease,decrease,decrease,23,82.0
revdata,97,s15,True,absent,increase,increase,decrease,23,82.0
revdata,98,s4,False,absent,increase,,decrease,23,59.0
revdata,98,s7,False,absent,decrease,,decrease,23,59.0
revdata,98,s9,True,decrease,decrease,decrease,decrease,23,59.0
revdata,98,s11,True,increase,increase,increase,decrease,23,59.0
revdata,98,s12,True,unspecified,increase,increase,decrease,23,59.0
revdata,98,s14,True,decrease,decrease,decrease,decrease,23,59.0
revdata,98,s15,True,absent,increase,increase,decrease,23,59.0
revdata,99,s4,False,absent,increase,,decrease,42,117.0
revdata,99,s7,False,absent,decrease,,decrease,42,117.0
revdata,99,s9,True,decrease,decrease,decrease,decrease,42,117.0
revdata,99,s11,True,increase,increase,increase,decrease,42,117.0
revdata,99,s12,True,increase,increase,increase,increase,42,117.0
revdata,99,s14,True,decrease,decrease,decrease,decrease,42,117.0
revdata,99,s15,True,increase,increase,increase,increase,42,117.0
revdata,100,s4,False,absent,increase,,decrease,23,20.0
revdata,100,s7,False,absent,decrease,,increase,23,20.0
revdata,100,s9,True,decrease,decrease,decrease,decrease,23,20.0
revdata,100,s11,True,increase,increase,increase,decrease,23,20.0
revdata,100,s12,True,unspecified,increase,increase,increase,23,20.0
revdata,100,s14,True,decrease,decrease,decrease,decrease,23,20.0
revdata,100,s15,True,absent,increase,increase,decrease,23,20.0
